0,1,2,3,4,5,6,7,8,9,10,11,12,labels
70.94066619873047,22.094327926635742,-3.4931235313415527,25.696556091308594,-15.566960334777832,7.296114444732666,-5.072010517120361,1.1422672271728516,-5.6749396324157715,-1.160710334777832,-0.14821286499500275,-0.4203976094722748,-1.656111478805542,F
16.411598205566406,40.61471939086914,4.932044506072998,22.898984909057617,-21.343854904174805,6.656965732574463,-8.136959075927734,-2.9327046871185303,-6.521406650543213,-1.8670647144317627,5.877696514129639,-0.8044227361679077,-0.11143986135721207,X
89.25160217285156,49.3696403503418,-1.7248170375823975,30.004671096801758,-9.32548713684082,10.869223594665527,-4.079087257385254,1.077553629875183,-2.636486530303955,-1.5761628150939941,-2.623978853225708,1.626988172531128,-1.0655627250671387,N
47.512855529785156,59.00981521606445,6.688692092895508,28.09853744506836,-16.207563400268555,7.581294536590576,-6.513551235198975,-1.63442063331604,-5.125853061676025,-3.1706595420837402,1.5575684309005737,-3.3475449085235596,-1.7163441181182861,X
48.91672134399414,38.65153884887695,-7.207287311553955,30.065982818603516,-11.941234588623047,7.4096903800964355,-7.264762878417969,-1.4455662965774536,-6.293025016784668,-0.855397641658783,1.4093011617660522,0.6205686330795288,-0.7844612002372742,X
86.9369888305664,46.902915954589844,-2.321120023727417,31.912364959716797,-9.842411994934082,8.938897132873535,-4.132536888122559,1.8017088174819946,-2.243429183959961,0.3869215250015259,-1.7976912260055542,1.2072937488555908,-1.2910747528076172,N
86.60692596435547,48.00274658203125,0.08585259318351746,29.5111083984375,-10.560945510864258,10.9144926071167,-2.6310524940490723,2.170121908187866,-1.0653841495513916,-1.1833516359329224,-1.9168620109558105,-0.2797621786594391,-2.078437566757202,N
89.8920669555664,42.57231903076172,-4.928021430969238,31.163265228271484,-12.868553161621094,12.391094207763672,-2.2658960819244385,-0.03280564397573471,-0.7215994000434875,-1.6506935358047485,-3.415903329849243,-2.339395761489868,-2.8404433727264404,F
98.92676544189453,51.54343795776367,-2.602884531021118,29.90757942199707,-10.495777130126953,10.720514297485352,-3.6083905696868896,-0.1966961771249771,-2.4848644733428955,-1.3927470445632935,-2.3143582344055176,-1.2064051628112793,-2.498075485229492,N
34.165504455566406,61.03829574584961,7.410240173339844,22.61221694946289,-17.99894905090332,11.054978370666504,-4.553164005279541,-0.9204970002174377,-5.299940586090088,-3.7939610481262207,3.0794034004211426,-3.7139294147491455,-1.7016867399215698,X
61.75062942504883,26.504823684692383,6.140065670013428,25.097715377807617,-17.728755950927734,5.233281135559082,-6.720986843109131,-3.360973834991455,-9.8777494430542,-2.330565929412842,1.985226035118103,-3.3776512145996094,0.3380465507507324,X
94.1865234375,38.84039306640625,-3.86358642578125,31.406824111938477,-10.502720832824707,12.09769058227539,-4.52720308303833,2.2812538146972656,-2.8035972118377686,-0.6204774379730225,-2.695239305496216,-1.692623496055603,-3.002676010131836,F
81.03504180908203,41.53651809692383,5.805295944213867,24.8853702545166,-15.961923599243164,6.875381946563721,-6.806573867797852,-1.4463238716125488,-6.9868550300598145,-3.0904650688171387,0.17610187828540802,-1.8642889261245728,-0.17874573171138763,X
106.14566040039062,33.957122802734375,-8.240159034729004,31.201303482055664,-11.23746109008789,14.215934753417969,-4.760613441467285,0.3637950122356415,-0.5131954550743103,0.39994174242019653,-5.132270812988281,-1.0536874532699585,-2.6311404705047607,F
62.8669548034668,25.476749420166016,10.2704496383667,23.855865478515625,-18.368083953857422,3.5555882453918457,-8.339346885681152,-1.937380313873291,-7.788975238800049,-3.2127928733825684,0.5993841290473938,-2.5820748805999756,2.2879626750946045,X
12.485641479492188,39.09124755859375,3.7590224742889404,22.44154167175293,-19.25644302368164,8.04565143585205,-7.231562614440918,-3.8396236896514893,-6.101330280303955,-2.0652761459350586,4.04704475402832,-1.30002760887146,-2.018242597579956,X
66.01057434082031,22.428035736083984,1.1844302415847778,26.24742889404297,-14.928849220275879,7.687189102172852,-5.535830020904541,-0.6964998841285706,-6.900082111358643,-2.5253641605377197,1.293068289756775,-0.330208420753479,1.9099726676940918,X
100.57865905761719,40.30756759643555,-4.512025833129883,33.32707214355469,-9.109562873840332,11.176413536071777,-3.4958958625793457,2.435389280319214,-1.6253670454025269,-1.503243088722229,-3.5222887992858887,-1.9477790594100952,-2.6521975994110107,F
83.8349380493164,50.61342239379883,0.32222816348075867,31.29326057434082,-9.588981628417969,10.997509002685547,-1.194985270500183,0.44006747007369995,-3.4151570796966553,-1.8475050926208496,-2.5468969345092773,0.033010389655828476,-2.013462543487549,N
70.1516342163086,47.86427307128906,-5.676089763641357,26.615020751953125,-8.387697219848633,6.963611602783203,-3.887425661087036,1.9295563697814941,-2.208130121231079,-3.0653622150421143,-3.3136255741119385,0.06572386622428894,-1.6398602724075317,N
80.67056274414062,36.354190826416016,-5.475629806518555,33.44114685058594,-12.666572570800781,13.165175437927246,-3.920973777770996,0.1076417863368988,-1.7388300895690918,-0.26148343086242676,-3.32429838180542,-1.2675122022628784,-2.282031297683716,F
106.62104034423828,31.363481521606445,-9.683802604675293,29.976076126098633,-14.127559661865234,11.641477584838867,-5.109772205352783,0.42693015933036804,-4.428479194641113,-2.4531474113464355,-3.9258904457092285,-2.2143232822418213,-2.843672752380371,F
52.55180740356445,20.225984573364258,-2.1693010330200195,22.70850372314453,-15.9954252243042,5.925936222076416,-6.846339702606201,-1.5972710847854614,-6.052475929260254,-1.1143417358398438,2.0468854904174805,0.006227782461792231,2.0752620697021484,X
113.36339569091797,37.567630767822266,-4.3842692375183105,30.71887969970703,-8.729146003723145,11.380453109741211,-4.000481128692627,1.0779801607131958,-4.444895267486572,0.572832465171814,-0.5557213425636292,-1.2165653705596924,-0.6917676329612732,N
84.08798217773438,50.4596061706543,-0.8641200065612793,30.575315475463867,-10.080147743225098,9.763957023620605,-3.710958242416382,0.6652382016181946,-1.4098950624465942,-1.406636357307434,-4.429460525512695,-0.14049182832241058,-2.5716562271118164,N
88.30374908447266,49.67863464355469,0.13173021376132965,29.710145950317383,-9.829710006713867,10.570151329040527,-2.8220584392547607,0.6225823760032654,-2.1225156784057617,-0.8180598020553589,-3.042009115219116,0.24358391761779785,-3.2672972679138184,N
36.23027801513672,40.93293762207031,6.099771499633789,22.817243576049805,-16.460079193115234,6.200911998748779,-5.627962112426758,-1.530936598777771,-8.249202728271484,-3.095024347305298,1.8207741975784302,-3.3808915615081787,-3.527306079864502,X
86.40890502929688,50.41017532348633,-4.860552787780762,31.850130081176758,-10.609145164489746,10.472756385803223,-3.1246049404144287,0.22132368385791779,-0.9415590167045593,-1.0323045253753662,-2.1678669452667236,-1.1495187282562256,-2.159677028656006,F
81.98239135742188,45.801185607910156,-6.1853742599487305,28.170413970947266,-11.581171989440918,10.403176307678223,-3.4774537086486816,0.08233898878097534,-1.392884373664856,-0.928832471370697,-4.981785774230957,-2.736781120300293,-2.4597606658935547,N
88.27225494384766,44.559486389160156,-4.948985576629639,28.336881637573242,-11.479803085327148,11.78958511352539,-4.391940116882324,1.6004064083099365,-0.7307413816452026,-1.0853896141052246,-1.990953803062439,-0.5646368265151978,-2.6921608448028564,F
100.16728210449219,25.00013542175293,-9.514338493347168,28.740270614624023,-12.295732498168945,12.509774208068848,-3.9616689682006836,0.5754083395004272,-1.1971853971481323,-0.2728235125541687,-3.0477943420410156,-1.4016962051391602,-1.6580615043640137,F
50.018043518066406,19.762142181396484,9.444498062133789,26.041458129882812,-13.786139488220215,7.490146160125732,-6.597406387329102,-1.7179627418518066,-8.306321144104004,-2.154127359390259,2.2290539741516113,-1.4689383506774902,3.0241854190826416,X
28.51944923400879,45.84937286376953,4.128592491149902,24.324954986572266,-20.2100830078125,4.298681735992432,-7.953121662139893,-1.1659139394760132,-5.939034461975098,-4.818204402923584,2.5406970977783203,-3.2128889560699463,-3.5213518142700195,X
42.06412124633789,34.86896514892578,-2.287188768386841,25.14019203186035,-15.048528671264648,9.624859809875488,-5.901394844055176,-1.020656943321228,-5.770179748535156,-1.3310872316360474,1.789934515953064,1.7542182207107544,-0.010913067497313023,X
82.30196380615234,56.942359924316406,-4.067971229553223,28.203521728515625,-11.414753913879395,7.087405681610107,-5.084650993347168,0.8398375511169434,-2.7797281742095947,-2.562272787094116,-3.9445502758026123,-1.5515648126602173,-2.1645095348358154,N
46.95353698730469,16.355484008789062,-6.788757801055908,24.504758834838867,-16.34395980834961,6.423091411590576,-7.8435378074646,-1.8533117771148682,-6.486648082733154,-0.9168851375579834,2.175626516342163,0.8808386325836182,3.00728702545166,X
100.30852508544922,39.43731689453125,2.5763540267944336,33.240421295166016,-10.199755668640137,11.16969108581543,-3.1582159996032715,2.627058267593384,-1.952966332435608,-0.6037957668304443,-1.7044017314910889,0.0675923228263855,-1.8472894430160522,N
86.24138641357422,31.776962280273438,-3.8811004161834717,30.3282470703125,-11.064516067504883,13.353263854980469,-2.540379285812378,0.3827466368675232,-1.585625410079956,-1.4055066108703613,-2.339454174041748,-0.7843270897865295,-3.485625743865967,F
64.71199035644531,25.852968215942383,5.617434501647949,24.2578125,-16.011564254760742,5.428992748260498,-8.069869995117188,-3.246164321899414,-9.018362998962402,-2.332202672958374,1.592646598815918,-1.997754693031311,1.4051051139831543,X
68.07524871826172,35.75615310668945,5.6233720779418945,27.86153793334961,-14.338313102722168,8.603707313537598,-5.933152198791504,-2.167823314666748,-8.538419723510742,-3.7061822414398193,1.5170037746429443,-0.8337053060531616,0.557635486125946,X
95.94124603271484,33.396324157714844,-4.355302333831787,32.89936828613281,-11.791833877563477,12.303805351257324,-2.8546881675720215,0.6472859382629395,-1.9443293809890747,-0.1865125596523285,-3.5646963119506836,-0.975156843662262,-1.5354745388031006,F
87.00263214111328,55.34400177001953,-1.327309489250183,31.28726577758789,-11.268651962280273,11.556012153625488,-3.975766658782959,2.067427396774292,-0.953090250492096,-0.2184276282787323,-2.7622952461242676,-0.5574696660041809,-3.0114572048187256,N
91.44544982910156,32.8051872253418,-6.01722526550293,30.977325439453125,-10.7752685546875,11.341139793395996,-3.2411563396453857,0.0750933587551117,-0.15283575654029846,-1.0722788572311401,-2.367577314376831,-2.6964476108551025,-2.5573267936706543,F
8.221549987792969,36.55027770996094,1.7689164876937866,21.433019638061523,-21.020488739013672,6.305525779724121,-8.832986831665039,-2.824819803237915,-5.380946159362793,-0.31161198019981384,6.798390865325928,-0.18705973029136658,0.2657262086868286,X
28.266395568847656,48.108604431152344,-6.171456813812256,29.630571365356445,-16.143579483032227,6.825634002685547,-8.473669052124023,-3.742297410964966,-5.469362258911133,-2.267087936401367,-0.16682952642440796,2.1001760959625244,-2.3684191703796387,X
105.8193130493164,29.283634185791016,-9.920028686523438,29.902454376220703,-13.559675216674805,12.496853828430176,-3.6274232864379883,2.1446750164031982,-2.165938377380371,-1.050248622894287,-3.0258517265319824,-0.3986816108226776,-1.4803948402404785,F
29.781892776489258,59.396697998046875,-13.123418807983398,29.153038024902344,-17.050764083862305,5.462423324584961,-7.122940540313721,-2.9103167057037354,-6.857358932495117,-2.0957889556884766,1.6705220937728882,-0.06639546155929565,-3.980109691619873,X
63.065673828125,27.072765350341797,0.3666733205318451,24.205751419067383,-14.079724311828613,7.279665946960449,-6.642099380493164,-1.102552056312561,-6.5955095291137695,-2.4792187213897705,0.2053224891424179,-1.5121554136276245,1.8751797676086426,X
25.889333724975586,34.92073440551758,7.787983417510986,27.436412811279297,-11.507157325744629,4.0350446701049805,-8.060821533203125,-5.724296569824219,-7.344264507293701,-2.42045521736145,1.4063105583190918,-0.77767413854599,-1.0220849514007568,X
67.0591812133789,31.417055130004883,5.875051021575928,28.309789657592773,-14.43863296508789,6.66316556930542,-7.3456950187683105,-3.0553507804870605,-7.051781177520752,-3.032719612121582,0.9121575355529785,-1.9276565313339233,0.8291314840316772,X
94.51011657714844,40.33888626098633,-1.990807056427002,32.42110061645508,-7.826853275299072,12.58799934387207,-3.883863925933838,-0.14318060874938965,-1.2407094240188599,-0.5709404945373535,-1.9414677619934082,0.6747865080833435,-0.24690306186676025,N
76.4086685180664,53.56182098388672,-6.5932722091674805,28.657724380493164,-8.807027816772461,11.319510459899902,-3.8788251876831055,1.0109490156173706,-1.4448468685150146,-0.0064410497434437275,-2.6457834243774414,-0.40211743116378784,-2.3998899459838867,N
90.16206359863281,38.874412536621094,-2.690858840942383,28.367294311523438,-11.70445442199707,10.169157981872559,-5.853098392486572,0.02726604975759983,-6.343204021453857,-0.981697678565979,-2.169569253921509,-2.5606088638305664,-2.0631556510925293,F
94.66522979736328,39.42506790161133,-5.775684833526611,30.839872360229492,-12.075883865356445,11.108811378479004,-3.379286289215088,1.3669465780258179,-2.01025652885437,-1.6951552629470825,-1.0561082363128662,-0.03892949968576431,-2.7105119228363037,F
92.12858581542969,43.807098388671875,2.7863833904266357,31.29871940612793,-11.572360038757324,12.047468185424805,-6.281345367431641,0.17490452527999878,-3.8532633781433105,-0.013027605600655079,-2.3059558868408203,0.3027408719062805,-0.6513820886611938,N
110.9823226928711,29.973798751831055,-10.571328163146973,30.88532257080078,-11.527849197387695,11.160345077514648,-4.837186813354492,1.6122103929519653,-2.2278268337249756,0.6587061285972595,-4.8399739265441895,-2.5800178050994873,-3.091498374938965,F
52.480594635009766,29.638614654541016,-11.136324882507324,25.771886825561523,-16.518430709838867,7.088471412658691,-7.547206878662109,-2.720722198486328,-6.807095527648926,0.2581038475036621,2.26646089553833,0.9505302906036377,0.5734680891036987,X
66.5473861694336,32.29825973510742,13.646376609802246,23.929765701293945,-16.003856658935547,5.1420183181762695,-8.6927490234375,-1.962364673614502,-7.8752336502075195,-2.6369497776031494,-0.11185503005981445,-3.4693503379821777,0.5185284614562988,X
109.3664779663086,37.9765625,-9.456052780151367,31.592620849609375,-11.288824081420898,11.885881423950195,-2.647578001022339,1.6549468040466309,-3.056281328201294,0.7380397915840149,-2.7185990810394287,-0.6198909878730774,-1.7005529403686523,F
52.12080001831055,21.432729721069336,-6.358336925506592,23.95644760131836,-15.217750549316406,7.912120819091797,-5.9785990715026855,-0.46625596284866333,-6.8558735847473145,-2.5463931560516357,1.2364230155944824,0.3045921325683594,1.095354437828064,X
98.70423889160156,45.59511184692383,-2.697723150253296,32.21449279785156,-10.543779373168945,11.208524703979492,-1.7244952917099,4.7280988693237305,-0.006378107238560915,0.8306466937065125,-4.2056756019592285,-2.643688917160034,-2.523624897003174,N
63.35707473754883,32.09857177734375,-1.2696019411087036,28.029251098632812,-13.670583724975586,10.377284049987793,-5.089114665985107,1.8208105564117432,-5.642736911773682,-0.2808060050010681,1.6123921871185303,0.4788149297237396,-2.5445733070373535,F
46.73130416870117,60.57991027832031,2.022831916809082,31.692825317382812,-13.544051170349121,8.635945320129395,-3.924353837966919,-0.0809001550078392,-5.019225597381592,0.012790522538125515,-0.5867177844047546,-0.5686984658241272,-0.6840863823890686,X
57.238216400146484,29.178077697753906,-2.0737743377685547,27.093631744384766,-13.592564582824707,8.271597862243652,-5.791248321533203,-0.606806755065918,-4.791095733642578,-0.8865995407104492,1.4319655895233154,0.8765067458152771,2.0232181549072266,X
92.66149139404297,41.770633697509766,-0.5341886878013611,30.563594818115234,-9.58402156829834,12.860579490661621,-1.8236043453216553,0.701616108417511,-3.305889368057251,-2.276045799255371,-3.5027379989624023,-2.3272666931152344,-1.5606106519699097,N
55.57502746582031,29.586423873901367,4.60848331451416,24.998878479003906,-14.424124717712402,7.7196269035339355,-7.83853816986084,-2.182236909866333,-7.210337162017822,-2.345655918121338,1.3322833776474,-2.9032504558563232,0.7859748601913452,X
94.78910827636719,52.291019439697266,1.808297038078308,32.94593048095703,-10.746156692504883,11.864758491516113,-5.320875644683838,0.48298966884613037,-1.7225301265716553,-1.390939712524414,-2.583343505859375,-1.2189853191375732,-2.3364851474761963,N
81.87635040283203,53.39878845214844,-2.955286979675293,31.474361419677734,-9.48270034790039,12.293473243713379,-2.286698579788208,2.189218521118164,-2.120384693145752,-0.9709675312042236,-3.908236026763916,0.887515127658844,-2.135702133178711,N
56.62196350097656,41.56745529174805,8.328554153442383,25.974498748779297,-15.606008529663086,9.82784652709961,-6.951654434204102,0.7725075483322144,-6.177585124969482,-3.8324332237243652,0.5836811661720276,-3.93770170211792,-0.7203186750411987,X
87.43498229980469,41.94424057006836,-1.7949953079223633,31.84609603881836,-10.891979217529297,11.094367027282715,-2.712035894393921,1.0812289714813232,-0.9546535015106201,0.22427818179130554,-3.0882108211517334,0.9145321249961853,-2.0896317958831787,N
61.473846435546875,35.65764236450195,9.740436553955078,23.860055923461914,-16.630300521850586,5.779506683349609,-5.601467132568359,-1.604102611541748,-8.016404151916504,-2.04426646232605,0.26979008316993713,-3.8627731800079346,-1.3412142992019653,X
87.27245330810547,42.821285247802734,-1.0866860151290894,31.568805694580078,-10.255064010620117,12.544548034667969,-4.463107109069824,2.0040066242218018,-1.8764612674713135,-0.4427414536476135,-2.685394287109375,0.7806684970855713,-1.3241465091705322,N
82.0528564453125,44.61886215209961,-4.470368385314941,26.54340362548828,-10.25845718383789,10.264625549316406,-1.7143393754959106,0.3313523530960083,-1.1145879030227661,-0.803993821144104,-3.140695810317993,-1.4667942523956299,-3.181370496749878,N
93.56595611572266,40.198028564453125,-4.33364200592041,30.591585159301758,-12.736616134643555,12.364100456237793,-1.8709661960601807,1.2184116840362549,-1.8082613945007324,-0.9034109711647034,-3.188683271408081,-1.2431296110153198,-2.287452459335327,F
102.75985717773438,40.09439468383789,-4.2963480949401855,32.82916259765625,-10.42318344116211,11.243812561035156,-3.6792056560516357,0.4352780282497406,-2.2968993186950684,-0.2335808277130127,-2.7713868618011475,-1.2146660089492798,-2.5052454471588135,F
84.30269622802734,46.30354309082031,-5.497898578643799,28.06857681274414,-9.265873908996582,10.078503608703613,-3.570148468017578,2.254570960998535,-2.2200257778167725,-2.0725903511047363,-3.5465738773345947,-0.5947650074958801,-0.780898928642273,N
69.70405578613281,34.028255462646484,3.3782689571380615,24.895477294921875,-13.111235618591309,9.134939193725586,-6.31820821762085,-3.0828654766082764,-9.032781600952148,-2.981942653656006,0.3622111976146698,-0.6043005585670471,1.4417380094528198,X
56.4866828918457,30.023529052734375,-7.259029865264893,27.013742446899414,-10.72367000579834,7.974600791931152,-5.265681743621826,-2.5487210750579834,-5.627998352050781,-2.266965389251709,0.224466472864151,0.848677396774292,-1.0634273290634155,X
11.958089828491211,35.84522247314453,2.5189907550811768,25.166179656982422,-18.97661590576172,6.6731367111206055,-8.006969451904297,-2.983045816421509,-6.984717845916748,-2.598148822784424,4.116062164306641,-1.157652735710144,-1.1439268589019775,X
100.53079986572266,34.35914993286133,-6.592144012451172,28.66252899169922,-14.270499229431152,10.660565376281738,-4.632907390594482,-0.36703306436538696,-3.284121036529541,1.1734946966171265,-2.854434013366699,-1.6149641275405884,-2.2338762283325195,F
54.62051010131836,37.32240295410156,6.901346206665039,27.872257232666016,-14.401485443115234,6.678305625915527,-4.618736267089844,0.32079705595970154,-5.85531759262085,-1.1159330606460571,1.2028206586837769,-2.552633762359619,-2.478158712387085,X
89.35059356689453,51.33371353149414,1.8711527585983276,32.93336868286133,-9.695426940917969,12.266511917114258,-4.073066711425781,2.417236328125,-1.9952199459075928,-2.0697898864746094,-4.94777774810791,0.3999379873275757,-1.8563692569732666,N
53.873878479003906,22.22734260559082,9.525086402893066,23.706134796142578,-15.144986152648926,6.918982028961182,-7.940394878387451,-0.4706318974494934,-5.848923683166504,-1.5492095947265625,0.9000747203826904,-2.043001890182495,2.5330278873443604,X
45.38389587402344,47.17049026489258,6.198385238647461,27.644681930541992,-13.097434997558594,7.126393795013428,-7.367707252502441,-1.3640164136886597,-5.35335636138916,-3.125000476837158,-0.7479439973831177,-1.2587043046951294,-1.148874044418335,X
95.82855987548828,43.14154052734375,-3.503854990005493,31.89034080505371,-12.636478424072266,11.902066230773926,-3.210707664489746,2.4892683029174805,-2.617091655731201,-1.4586375951766968,-4.813822269439697,-2.225309133529663,-3.7833504676818848,F
43.05528259277344,49.80133056640625,-6.1005167961120605,31.51671028137207,-14.88003158569336,8.644121170043945,-4.304987907409668,0.50250643491745,-6.389110088348389,-2.0035951137542725,0.4895372986793518,2.440999984741211,-1.9517236948013306,X
92.34666442871094,43.336090087890625,-7.405593395233154,29.016313552856445,-12.529932975769043,12.364920616149902,-2.210949182510376,-0.36962783336639404,-1.7080053091049194,-0.8108633756637573,-2.3036837577819824,-0.9683734178543091,-3.2272768020629883,F
78.20581817626953,50.25608444213867,-3.5447654724121094,27.334197998046875,-10.420843124389648,10.263854026794434,-2.731501340866089,2.4463064670562744,-1.1915966272354126,-2.1198861598968506,-4.341129779815674,-2.04057240486145,-2.645033836364746,N
79.0705337524414,42.033607482910156,0.37793877720832825,32.533042907714844,-11.33792495727539,12.058036804199219,-2.9381978511810303,1.3173404932022095,-1.560394048690796,0.15552204847335815,-2.666043996810913,-1.2689452171325684,-1.482356071472168,F
44.24000930786133,27.824100494384766,-2.394099235534668,23.7690372467041,-18.373865127563477,7.766018390655518,-6.546528339385986,0.15022708475589752,-7.796848297119141,-1.830500602722168,3.7695231437683105,-1.0578533411026,-0.4172498881816864,X
92.6119613647461,34.26305389404297,-3.844271183013916,31.40028190612793,-14.269997596740723,10.123861312866211,-6.357364654541016,0.22234047949314117,-4.1257758140563965,-2.087531089782715,-3.0887248516082764,-0.5278593301773071,-1.8692253828048706,F
25.479047775268555,50.41598892211914,9.618843078613281,27.015522003173828,-20.768232345581055,4.553340435028076,-8.252132415771484,-3.2851498126983643,-8.48569393157959,-4.597898483276367,3.983943223953247,-3.0671026706695557,-2.083171844482422,X
86.35385131835938,44.47859573364258,-2.0209968090057373,32.800506591796875,-10.610308647155762,11.336216926574707,-2.142719268798828,2.4693470001220703,-2.2797274589538574,-0.8706400990486145,-4.302668571472168,-1.5314372777938843,-0.5167043805122375,N
94.41524505615234,45.73244857788086,-1.154284954071045,31.052448272705078,-8.786131858825684,10.63110637664795,-2.4296770095825195,1.65628981590271,-1.3357926607131958,-0.8256242871284485,-3.1636362075805664,-1.3452179431915283,-2.0209686756134033,N
69.61526489257812,47.412269592285156,-0.09407581388950348,25.860563278198242,-8.195316314697266,9.3893461227417,-1.454461932182312,0.3124925196170807,-2.629427194595337,-3.2088735103607178,-3.1613194942474365,-0.8403717875480652,-1.755846619606018,N
93.04862976074219,47.05436325073242,0.8543851971626282,31.403776168823242,-9.621381759643555,10.950304985046387,-2.6701314449310303,2.653815746307373,-1.3289904594421387,-0.8594909906387329,-2.61275053024292,0.20357602834701538,-1.6601550579071045,N
82.49996185302734,49.71059799194336,-6.649866104125977,30.783588409423828,-9.371828079223633,10.998419761657715,-3.6866393089294434,1.3393255472183228,-0.7574247121810913,-0.029321670532226562,-2.8542749881744385,-1.0079007148742676,-3.7233991622924805,N
45.02845764160156,27.17060089111328,8.418004035949707,24.291725158691406,-14.910506248474121,8.199481964111328,-6.994897365570068,-2.1136579513549805,-8.990166664123535,-1.0613559484481812,3.364560842514038,-1.0681312084197998,3.8022572994232178,X
61.28370666503906,29.315227508544922,-0.13262441754341125,24.53564453125,-14.2799654006958,8.232373237609863,-6.110560894012451,-1.640192985534668,-7.379297256469727,-2.6256115436553955,1.8321086168289185,0.225173681974411,2.7932066917419434,X
80.46833801269531,57.780029296875,1.0929925441741943,30.42020034790039,-12.094695091247559,10.806307792663574,-4.443777084350586,-0.11013174057006836,-3.034832715988159,-0.511261522769928,-2.1029436588287354,0.2038692981004715,-1.8043383359909058,N
75.67518615722656,58.10409927368164,-4.102097511291504,28.909093856811523,-9.266576766967773,7.669042587280273,-4.829512596130371,0.6192395687103271,-2.912219285964966,-2.2911574840545654,-4.705644130706787,-0.7692879438400269,-2.4014575481414795,N
82.97190856933594,27.695276260375977,-0.06169641390442848,24.910823822021484,-14.903780937194824,3.783919334411621,-6.619829177856445,-1.0662357807159424,-7.666117191314697,-1.1673412322998047,-1.0123486518859863,-3.329146385192871,-1.6002775430679321,F
104.04816436767578,35.00008010864258,-4.381083011627197,31.043519973754883,-11.224605560302734,13.358163833618164,-3.876852512359619,1.8820358514785767,-1.557664394378662,-0.14342963695526123,-4.049411296844482,-0.35862892866134644,-1.4635379314422607,F
82.50996398925781,48.78196334838867,0.217600017786026,31.19031524658203,-11.143683433532715,10.256540298461914,-1.21055006980896,1.8942954540252686,-1.6769471168518066,-0.6745303869247437,-2.2227783203125,-1.5864146947860718,-2.177122116088867,N
113.46353912353516,37.57691955566406,-3.744615316390991,30.608844757080078,-12.453865051269531,11.659600257873535,-5.047117233276367,0.8643816709518433,-2.889218807220459,-1.4646638631820679,-3.745948314666748,-2.4664249420166016,-3.992051362991333,F
97.80303955078125,49.172698974609375,1.5856329202651978,31.09929084777832,-10.535752296447754,11.660435676574707,-2.334746837615967,1.6458078622817993,-1.821679711341858,-2.956970453262329,-3.8824210166931152,-2.281545400619507,-2.9024016857147217,N
89.1875,43.38896942138672,-3.0277886390686035,29.835126876831055,-9.009684562683105,11.546736717224121,-3.7589774131774902,2.040621042251587,-1.9716721773147583,-0.833156943321228,-3.5149011611938477,-1.9546194076538086,-2.8253066539764404,N
96.2669906616211,39.085243225097656,-4.175390243530273,31.695693969726562,-9.687881469726562,11.194416046142578,-2.9113824367523193,2.748025894165039,-0.6467840671539307,-0.3088645935058594,-0.9898779392242432,0.16036482155323029,-1.2163517475128174,N
86.7420425415039,28.375072479248047,-8.152031898498535,30.011688232421875,-11.360564231872559,11.735040664672852,-4.164657115936279,1.2866309881210327,-0.41216611862182617,-2.9448745250701904,-4.802425861358643,-1.3167511224746704,-0.0405779592692852,F
93.98284149169922,47.060428619384766,-1.693656086921692,30.98013687133789,-9.04538345336914,8.833019256591797,-4.685351371765137,1.5911489725112915,-1.7330149412155151,-0.9325058460235596,-2.2131521701812744,-0.01430270355194807,-2.504385471343994,N
45.29124069213867,21.798423767089844,-4.6539506912231445,22.86149787902832,-17.836870193481445,7.219650745391846,-6.697409152984619,-3.225174903869629,-7.358386039733887,-1.9557409286499023,4.205019950866699,1.095804214477539,2.3084397315979004,F
93.15122985839844,46.956573486328125,-3.1637585163116455,31.006500244140625,-11.655499458312988,10.648489952087402,-3.080847978591919,1.6274276971817017,-2.5552968978881836,0.008524910546839237,-2.746652126312256,-1.1144293546676636,-2.3766231536865234,N
85.9797592163086,41.47273254394531,-0.13481003046035767,31.069047927856445,-8.023626327514648,12.497982025146484,-2.8034145832061768,2.162076473236084,-1.0581170320510864,-0.7514259219169617,-2.2551777362823486,-0.1375526338815689,-1.1067723035812378,N
88.88334655761719,36.490840911865234,-4.737308502197266,28.960018157958984,-10.40231704711914,11.636682510375977,-4.560305118560791,1.9793075323104858,-3.1573522090911865,0.16662436723709106,0.21957845985889435,-0.5912969708442688,-0.9659126400947571,N
46.03302764892578,43.2981071472168,-10.227267265319824,27.360326766967773,-17.417207717895508,7.959047317504883,-7.335555553436279,-2.511918544769287,-8.765023231506348,-3.5074405670166016,0.6268930435180664,-0.7369036078453064,-1.0900286436080933,X
70.83453369140625,33.95299530029297,0.9482252597808838,25.906352996826172,-14.260308265686035,6.749805927276611,-4.856913089752197,-0.816138505935669,-7.627317905426025,-3.5468788146972656,-0.03324805200099945,0.5826548337936401,1.3879015445709229,X
96.76272583007812,53.0284538269043,-2.958038091659546,32.83606719970703,-9.526995658874512,9.93099308013916,-4.888637065887451,2.299445629119873,-1.913818359375,-0.6406365036964417,-3.8346292972564697,-1.349073052406311,-2.834825038909912,N
64.28820037841797,27.17606544494629,3.3769052028656006,25.67046546936035,-14.951330184936523,6.1182475090026855,-7.46189022064209,-2.50069260597229,-8.375699996948242,-3.1358468532562256,-0.053526487201452255,-0.32105040550231934,1.276810646057129,X
57.400169372558594,34.14585494995117,9.283103942871094,25.327796936035156,-16.23953628540039,5.387088775634766,-9.286561965942383,-3.1215577125549316,-7.836668968200684,-3.9243791103363037,-0.9760890007019043,-3.672783136367798,1.0868980884552002,X
92.9952163696289,35.020347595214844,-5.366230010986328,31.423044204711914,-10.389516830444336,13.105698585510254,-2.6244654655456543,0.9680061340332031,0.2705138921737671,1.5843360424041748,-1.683511734008789,-2.6200449466705322,-3.8568952083587646,F
76.2690200805664,27.62592887878418,-2.950239896774292,28.71502113342285,-13.925910949707031,8.578484535217285,-6.756255626678467,-0.07192961871623993,-6.465853214263916,-1.4566954374313354,-1.230244517326355,-1.7782785892486572,-1.7514933347702026,F
72.56541442871094,28.049413681030273,-1.5792088508605957,22.20709800720215,-17.04653549194336,5.385283470153809,-8.088338851928711,-3.444345474243164,-6.746189594268799,-2.870790481567383,0.6574755311012268,-0.5021932125091553,0.5914770364761353,X
44.42771530151367,28.295297622680664,4.804723739624023,26.67327117919922,-16.891666412353516,5.075274467468262,-7.076643943786621,-2.2876195907592773,-6.948197364807129,0.25239297747612,2.212902307510376,-3.7324674129486084,-1.0861024856567383,X
20.311464309692383,40.02613067626953,5.464588642120361,24.595239639282227,-20.2144718170166,4.387113094329834,-8.13913631439209,-2.2175800800323486,-7.302161693572998,-3.2417516708374023,3.14617919921875,-2.7691402435302734,-1.300339937210083,X
90.51859283447266,47.730934143066406,1.8167510032653809,29.89372444152832,-11.612784385681152,10.117119789123535,-3.9911162853240967,0.987147867679596,-0.7955260872840881,-1.2353419065475464,-2.2750027179718018,-0.6138505935668945,-2.4009339809417725,N
110.62096405029297,40.57187271118164,-7.460155010223389,32.14883804321289,-11.892962455749512,10.143470764160156,-5.100248336791992,0.37593159079551697,-1.5360558032989502,-0.20195046067237854,-1.5895185470581055,-1.5162204504013062,-2.414660930633545,F
95.12187957763672,36.81936264038086,-6.309336185455322,30.39616584777832,-13.219666481018066,10.402815818786621,-2.6949262619018555,1.9585678577423096,-0.40441885590553284,-0.5851729512214661,-2.645738124847412,-1.7080800533294678,-3.5938539505004883,F
84.23711395263672,36.926658630371094,-5.371524333953857,31.981054306030273,-13.046095848083496,10.581877708435059,-4.2170538902282715,-0.41812512278556824,-0.16663514077663422,-1.4560987949371338,-2.8055853843688965,-1.6174722909927368,-2.66160249710083,F
83.18929290771484,49.9696159362793,-4.139904975891113,31.47388458251953,-8.76772689819336,12.9231595993042,-3.3985085487365723,1.6073273420333862,-0.2940484881401062,-0.6159454584121704,-1.9484703540802002,-0.03573017939925194,-3.286167860031128,N
104.91677856445312,44.718666076660156,0.00496989581733942,31.98356056213379,-10.478828430175781,9.276348114013672,-4.370218276977539,2.4963483810424805,-2.8501200675964355,-0.3295847475528717,-2.902590036392212,-1.161415696144104,-1.3986356258392334,N
84.30518341064453,44.671627044677734,-1.520565152168274,31.753265380859375,-9.191232681274414,11.551045417785645,-3.7558610439300537,0.43870794773101807,-1.9887263774871826,0.862117350101471,-1.5002604722976685,-1.0849865674972534,-1.6622096300125122,N
41.241947174072266,55.62800216674805,-10.248147010803223,30.463422775268555,-15.910609245300293,8.127310752868652,-7.4564080238342285,-1.772081971168518,-6.0716233253479,-2.589979648590088,0.07430297136306763,-0.5802003741264343,-3.541224718093872,X
104.60535430908203,38.322017669677734,-3.8399829864501953,32.45684051513672,-11.054359436035156,11.133572578430176,-5.974265098571777,2.4465065002441406,-1.8344964981079102,-1.0303065776824951,-2.4135515689849854,0.36667945981025696,-1.5659971237182617,N
53.18252944946289,27.70503807067871,4.170459270477295,24.033193588256836,-15.158638000488281,7.7100510597229,-8.23666000366211,-2.079577684402466,-8.34405517578125,-1.9514241218566895,1.6495157480239868,-1.4846197366714478,3.3006041049957275,X
60.00713348388672,33.27252197265625,13.02108097076416,27.590349197387695,-14.173262596130371,7.003525733947754,-6.024599075317383,-0.03927562013268471,-5.147332668304443,-1.536496639251709,1.9006335735321045,-1.5848678350448608,0.7922483086585999,X
95.59017944335938,33.791080474853516,-5.793283939361572,32.87400817871094,-12.192252159118652,11.305727005004883,-3.568837881088257,0.6015852689743042,-1.1133793592453003,0.7252529859542847,-2.4973807334899902,-0.1472948044538498,-1.941758394241333,F
89.9818115234375,42.36315155029297,-2.122535467147827,31.690126419067383,-8.74448013305664,12.455892562866211,-1.5652129650115967,2.334167003631592,-1.3909127712249756,-2.987555980682373,-1.7051163911819458,-0.26027825474739075,-0.12131164222955704,N
22.88553810119629,41.264190673828125,3.366407632827759,25.660249710083008,-17.117050170898438,6.095517158508301,-8.75912857055664,-1.3828017711639404,-4.8969645500183105,-2.9008824825286865,3.4481279850006104,-1.1619760990142822,0.3565256893634796,X
90.78201293945312,42.15333938598633,-0.699390709400177,31.6992244720459,-10.99365520477295,11.134992599487305,-3.1549885272979736,0.8225080370903015,-1.7521464824676514,-1.4849337339401245,-1.6938769817352295,0.42595431208610535,-0.12330479174852371,N
55.22634506225586,32.907623291015625,-6.713141918182373,24.879796981811523,-17.679574966430664,9.127402305603027,-6.058766841888428,-2.145336866378784,-7.882123947143555,-1.7657235860824585,1.8819928169250488,0.508808434009552,-0.855134129524231,X
48.26960372924805,42.43543243408203,-16.102130889892578,26.821657180786133,-13.751530647277832,3.7269744873046875,-6.693132400512695,-2.7434494495391846,-6.7422356605529785,-1.434139370918274,2.441070318222046,2.7778892517089844,-1.8703854084014893,X
96.99594116210938,50.94864273071289,1.9165340662002563,28.954879760742188,-9.81623649597168,10.721087455749512,-3.3281919956207275,2.057164192199707,-1.3724981546401978,-0.9827596545219421,-3.423004388809204,-1.3530545234680176,-3.3940536975860596,N
104.50261688232422,51.222190856933594,2.979161262512207,30.281612396240234,-9.900882720947266,9.852807998657227,-3.37483549118042,-0.8065277934074402,-2.778748035430908,-3.4491069316864014,-3.9082119464874268,-0.3919435739517212,-2.5709731578826904,N
94.43492889404297,44.944732666015625,0.6232950091362,32.28407287597656,-10.584124565124512,11.426288604736328,-2.250555992126465,0.1680760532617569,-2.6801116466522217,0.38536641001701355,-1.954211950302124,-0.2626786231994629,-1.6378498077392578,N
103.6435546875,37.714908599853516,-6.56578254699707,31.25762176513672,-11.060256004333496,12.902050018310547,-3.865757465362549,3.299743413925171,-2.025116443634033,-1.3297399282455444,-2.20530366897583,-1.073535680770874,-1.873444676399231,N
101.55016326904297,31.784244537353516,-2.979823350906372,31.785261154174805,-9.048566818237305,11.55311393737793,-2.3269739151000977,1.5600999593734741,-2.0661470890045166,0.16249136626720428,-2.168057441711426,-0.9781249165534973,-1.0093622207641602,N
88.39199829101562,41.288116455078125,0.39625632762908936,31.515233993530273,-9.809233665466309,11.394235610961914,-1.469785213470459,2.2737419605255127,-2.2597386837005615,-0.3587854504585266,-1.199189305305481,1.1015788316726685,-1.5888736248016357,N
90.54814910888672,46.57512664794922,1.639346718788147,30.469005584716797,-10.344943046569824,11.739313125610352,-2.172644853591919,2.427144765853882,-1.6896083354949951,-1.636815071105957,-3.03151273727417,0.42371731996536255,-3.0592551231384277,N
59.78953170776367,20.668628692626953,1.1119780540466309,24.022167205810547,-15.492069244384766,8.101515769958496,-5.69485330581665,-3.7586262226104736,-8.763545989990234,-4.2733964920043945,-0.16845665872097015,-0.3625056743621826,0.772375226020813,X
60.984344482421875,36.48257827758789,-9.020525932312012,27.83409881591797,-12.712454795837402,5.440336227416992,-5.671508312225342,-1.6065690517425537,-6.160717964172363,-1.6399290561676025,0.8832065463066101,1.7232874631881714,-0.20369316637516022,X
88.39201354980469,48.766876220703125,-2.7651431560516357,30.8469295501709,-8.938804626464844,12.599958419799805,-1.138211965560913,1.7523208856582642,-0.6672963500022888,0.0704578086733818,-3.2502832412719727,-1.6848976612091064,-2.719733953475952,N
45.189598083496094,30.830114364624023,-14.348956108093262,27.3183650970459,-17.249202728271484,8.209741592407227,-7.091668128967285,-1.8262701034545898,-6.207485675811768,-0.8731083869934082,2.081575632095337,2.973626136779785,1.4542313814163208,X
90.91484832763672,56.39459991455078,2.239903450012207,31.60858917236328,-10.756585121154785,12.006210327148438,-1.8327138423919678,0.16492624580860138,-1.0867761373519897,-0.5043754577636719,-3.3918344974517822,0.06515447795391083,-1.4860576391220093,N
60.365234375,46.55398178100586,-11.191690444946289,29.108577728271484,-9.727643013000488,8.89046573638916,-4.469829082489014,0.1875598132610321,-2.096511125564575,-0.9987825155258179,-1.06412935256958,-0.8947510123252869,-4.179605007171631,F
45.78984069824219,29.660400390625,2.236565113067627,26.196014404296875,-13.90706729888916,4.944270133972168,-7.288750648498535,-1.7971150875091553,-8.621969223022461,-3.6043500900268555,0.4145166873931885,-2.4607317447662354,-2.288564682006836,X
91.93489837646484,37.955467224121094,-6.703647613525391,31.27729034423828,-12.934907913208008,12.092500686645508,-2.616145133972168,1.532346248626709,0.07983635365962982,-2.378856897354126,-3.5369622707366943,-1.8974907398223877,-3.1392228603363037,F
63.55016326904297,23.494190216064453,-1.762751817703247,27.117389678955078,-14.125243186950684,9.0499906539917,-6.996494293212891,-3.7138943672180176,-8.518036842346191,-1.9858393669128418,1.2484068870544434,0.4622892737388611,2.1878111362457275,X
52.7005500793457,18.303882598876953,-11.308839797973633,25.793439865112305,-14.20605182647705,7.790918350219727,-4.768768310546875,-0.6389250159263611,-6.799031734466553,-2.860339641571045,0.7460281848907471,2.7710471153259277,2.6670570373535156,X
45.02812194824219,36.131675720214844,-8.534573554992676,29.412700653076172,-15.962347984313965,6.7799482345581055,-8.869283676147461,-2.3589746952056885,-9.12019157409668,-2.239910125732422,0.9755209684371948,0.15381556749343872,-0.5110977292060852,X
95.25645446777344,51.08748245239258,0.24255216121673584,29.567092895507812,-8.894719123840332,12.497235298156738,-1.5513176918029785,2.3610880374908447,-0.18025580048561096,-2.022653102874756,-4.3103461265563965,-2.11064076423645,-3.5432381629943848,N
82.68208312988281,47.49599075317383,2.578580617904663,32.7724723815918,-11.729836463928223,12.615249633789062,-1.487107515335083,0.8369975090026855,-2.1251819133758545,-3.3458333015441895,-3.4339816570281982,-0.6581615209579468,-3.5896143913269043,N
47.700931549072266,13.016764640808105,-1.5863913297653198,25.251663208007812,-12.94336223602295,8.976527214050293,-5.5944294929504395,-1.4259523153305054,-6.273466110229492,-3.5267820358276367,2.208920955657959,-0.3598925471305847,2.409151077270508,X
105.1362075805664,43.981204986572266,1.7351024150848389,30.5167179107666,-11.44980525970459,11.574326515197754,-2.0004279613494873,2.651841163635254,-3.5052928924560547,-2.0527195930480957,-3.2181613445281982,-1.1468775272369385,-2.777021884918213,N
107.48538208007812,37.21831130981445,-5.382622241973877,31.160612106323242,-11.490446090698242,12.59332275390625,-4.0124616622924805,-0.23088306188583374,-3.0671043395996094,0.15661951899528503,-1.8770513534545898,0.14866182208061218,-2.9068894386291504,F
98.11088562011719,30.278858184814453,-5.490719318389893,31.998483657836914,-10.541626930236816,11.838420867919922,-4.385552883148193,-1.2385448217391968,0.27473944425582886,-1.8045399188995361,-1.7096997499465942,-1.645915150642395,-1.5501497983932495,F
98.9013900756836,34.13194274902344,-7.605684757232666,31.246740341186523,-11.144328117370605,13.452198028564453,-5.3398919105529785,-0.6737855672836304,-1.233933687210083,-0.41107434034347534,-2.436809539794922,-1.9537066221237183,-2.028615713119507,F
86.25856018066406,43.940589904785156,-0.17959679663181305,30.9483585357666,-9.666038513183594,11.169695854187012,-2.1771929264068604,2.148763418197632,-2.6046080589294434,-1.0696437358856201,-1.3604530096054077,1.7479552030563354,0.8011777400970459,N
82.34825897216797,52.77824783325195,-7.4424519538879395,29.809465408325195,-11.994315147399902,7.63319730758667,-5.709020614624023,0.005439914762973785,-2.1401610374450684,-1.468101143836975,-4.933856964111328,-1.0791113376617432,-2.206568956375122,N
96.64389038085938,40.287845611572266,-5.432949066162109,29.710906982421875,-13.251899719238281,11.708776473999023,-4.06228494644165,-0.1725389063358307,-1.206143856048584,-0.7922657132148743,-3.1195595264434814,-3.7222418785095215,-3.784593343734741,F
36.80104064941406,47.173667907714844,-5.724690914154053,30.808841705322266,-14.892460823059082,4.587939262390137,-8.096166610717773,-0.7845789194107056,-8.115020751953125,-2.0468413829803467,0.3600473999977112,0.3786798417568207,-0.7934884428977966,X
80.92964935302734,43.85858154296875,-6.091391086578369,32.24933624267578,-11.963590621948242,12.441354751586914,-3.3240015506744385,2.2392125129699707,-2.583258867263794,-1.101190447807312,-2.1547021865844727,0.663855254650116,-2.7912392616271973,F
87.11564636230469,46.44438552856445,-2.5121824741363525,34.05335998535156,-8.460395812988281,12.313145637512207,-1.8075401782989502,2.6807260513305664,-1.4660004377365112,-1.1898608207702637,-3.589792490005493,-0.5430130362510681,-2.086852550506592,N
90.76367950439453,56.846431732177734,3.0834622383117676,30.37535285949707,-11.302053451538086,10.406722068786621,-2.734638214111328,-0.49383866786956787,-3.7480404376983643,-1.152950406074524,-1.9197269678115845,-0.36205434799194336,-3.5430350303649902,N
89.4868392944336,40.972137451171875,-6.299798488616943,33.15326690673828,-12.82907485961914,13.179697036743164,-2.4980947971343994,1.278652310371399,-2.9454171657562256,-1.6777580976486206,-1.3047806024551392,0.24159355461597443,-2.5258700847625732,F
68.10889434814453,50.40363311767578,-11.537059783935547,30.06014633178711,-12.697606086730957,9.800614356994629,-2.182147264480591,0.5017677545547485,-2.2040250301361084,-1.3898639678955078,-2.3756511211395264,-1.5245288610458374,-2.710158109664917,F
89.70236206054688,43.294551849365234,0.6166364550590515,30.279720306396484,-9.728631973266602,11.249116897583008,-2.6897330284118652,1.1223849058151245,-1.624706506729126,-0.018517401069402695,-2.036559820175171,0.13225005567073822,-1.957274317741394,N
86.54605102539062,45.43282699584961,-6.474641799926758,33.31670379638672,-11.532262802124023,12.992511749267578,-3.2957940101623535,2.6197428703308105,-0.7719563245773315,-0.04506493732333183,-3.954310417175293,-1.084507942199707,-3.5462019443511963,F
87.77100372314453,44.54780578613281,-1.837672472000122,30.642534255981445,-8.89518928527832,11.763541221618652,-5.119448661804199,0.3923312723636627,-1.824676513671875,-1.2646501064300537,-2.6226413249969482,0.5036082863807678,-1.7703543901443481,N
88.07027435302734,41.50822830200195,2.9328250885009766,32.27704620361328,-10.801682472229004,12.220234870910645,-2.854994058609009,1.5854997634887695,-1.202404260635376,-1.1539528369903564,-3.678467035293579,-1.1695359945297241,-2.685106039047241,N
88.71854400634766,50.32858657836914,-4.5152716636657715,32.69493865966797,-12.981350898742676,11.559853553771973,-3.256096839904785,1.0544989109039307,-3.4317128658294678,-2.50752592086792,-2.8558878898620605,-0.020321272313594818,-2.353780746459961,N
70.6693115234375,52.233116149902344,-3.2302987575531006,28.812305450439453,-11.016759872436523,7.294625282287598,-4.734066009521484,1.0386368036270142,-4.086268901824951,-3.2163360118865967,-3.0037972927093506,-2.0657949447631836,-4.339744567871094,X
88.03368377685547,40.111000061035156,-5.731007099151611,31.924583435058594,-8.804680824279785,11.914331436157227,-2.5759620666503906,2.892618417739868,-1.3221147060394287,-0.8495491743087769,-3.3032522201538086,0.005855693016201258,-1.7127635478973389,N
6.615379333496094,35.57091522216797,6.750996112823486,23.618099212646484,-19.849010467529297,6.377562046051025,-8.733156204223633,-3.394683361053467,-6.935668468475342,-3.3783788681030273,4.770791053771973,0.32590749859809875,-1.2605987787246704,X
15.386366844177246,35.83689498901367,4.927254676818848,23.91328239440918,-19.385526657104492,7.397403240203857,-7.479164123535156,-3.939148187637329,-6.374799728393555,-1.2039600610733032,5.102669715881348,-0.5618739724159241,-0.7484076619148254,X
93.36359405517578,47.97908401489258,1.2604000568389893,30.289316177368164,-10.293963432312012,10.930497169494629,-2.6916728019714355,0.7504404783248901,-2.0452370643615723,-0.9144447445869446,-2.9865362644195557,-0.7090181708335876,-2.265377998352051,N
92.39977264404297,53.933712005615234,-2.2660439014434814,32.70396423339844,-11.205337524414062,9.932920455932617,-3.3717262744903564,1.211164116859436,-3.656005859375,-0.5364192724227905,-1.8308825492858887,0.9329679012298584,-2.4784131050109863,N
101.78649139404297,49.00471115112305,-2.9493472576141357,30.232280731201172,-9.665221214294434,10.844025611877441,-4.427389144897461,2.3835442066192627,-2.616213321685791,-1.1815510988235474,-2.160715341567993,-0.06034281104803085,-0.10863002389669418,N
87.78952026367188,52.72322082519531,-0.12870782613754272,31.58443832397461,-10.872564315795898,11.137118339538574,-2.8989129066467285,0.8780828714370728,-1.6888447999954224,-1.5267186164855957,-3.1365878582000732,-1.812361478805542,-2.317293167114258,N
40.210899353027344,20.76676368713379,-6.808300018310547,23.167949676513672,-17.619836807250977,8.941256523132324,-7.134719371795654,-1.8703325986862183,-7.938011646270752,-1.2339434623718262,2.4293041229248047,-1.2991433143615723,0.27929043769836426,X
92.23192596435547,38.598106384277344,-4.686846733093262,31.711240768432617,-11.169052124023438,12.393747329711914,-3.42356014251709,-0.900030255317688,-1.0314360857009888,-1.8030482530593872,-2.4705512523651123,0.12161465734243393,-2.4682459831237793,F
85.48084259033203,42.015384674072266,-7.169079780578613,29.31814193725586,-10.4168701171875,13.344070434570312,-1.5285099744796753,1.016552448272705,-1.0000897645950317,-0.899745523929596,-3.482018232345581,-0.888024628162384,-2.0314290523529053,F
94.68214416503906,42.439918518066406,-4.887590408325195,28.194580078125,-14.474017143249512,11.163702964782715,-4.345111846923828,-0.22681669890880585,-0.9910549521446228,-2.0906689167022705,-4.561402797698975,-1.4835760593414307,-3.2800493240356445,F
97.54801177978516,45.472164154052734,-1.1830203533172607,30.595108032226562,-10.864999771118164,10.868964195251465,-4.820221424102783,1.6949918270111084,-1.4132184982299805,-0.48789143562316895,-3.7095160484313965,0.016741542145609856,-2.4113078117370605,N
100.98432922363281,41.27716064453125,-2.9267239570617676,33.398616790771484,-10.988836288452148,12.398088455200195,-2.3588929176330566,3.2577290534973145,-2.0390069484710693,0.39770814776420593,-3.512550115585327,-2.5988059043884277,-3.782175064086914,F
97.32048034667969,51.53865432739258,3.9338109493255615,33.23892593383789,-7.9076008796691895,12.737151145935059,-1.0075759887695312,2.5363993644714355,-0.48727482557296753,-1.7569139003753662,-3.5260770320892334,-0.717598557472229,-1.810685157775879,N
87.17835998535156,40.52842712402344,-4.616652011871338,28.9462890625,-9.388772010803223,13.218344688415527,0.4206973910331726,3.2764687538146973,1.2894455194473267,0.02539101615548134,-2.9763710498809814,-1.631155014038086,-0.950217604637146,N
100.00604248046875,39.461273193359375,-0.7491375207901001,32.356807708740234,-10.32623291015625,10.375429153442383,-2.9624998569488525,1.3194985389709473,-2.2896902561187744,-0.32983413338661194,-2.7828733921051025,-0.21864667534828186,-1.1683170795440674,N
71.09476470947266,48.84006118774414,-4.776360988616943,28.6900577545166,-8.786162376403809,8.646839141845703,-5.367780685424805,-0.23290802538394928,-2.9899232387542725,-2.2973546981811523,-2.7020087242126465,0.09463825821876526,-0.6464819312095642,N
106.42093658447266,23.8917236328125,-12.265942573547363,28.644086837768555,-12.945093154907227,11.066081047058105,-4.215149402618408,0.5757777690887451,-3.207857608795166,-2.9862565994262695,-3.329848051071167,-1.3801625967025757,-1.6163570880889893,F
45.386688232421875,25.68035316467285,1.545000433921814,28.577709197998047,-13.7975492477417,7.707968235015869,-6.410336971282959,-1.0487339496612549,-6.021268367767334,-0.34575915336608887,3.8507089614868164,-2.056896209716797,-1.7797538042068481,X
96.13359069824219,49.45132064819336,0.5032316446304321,30.492109298706055,-10.006614685058594,11.394331932067871,-3.5902955532073975,1.4856802225112915,-0.7549968957901001,-1.428879976272583,-4.620237827301025,-1.0911809206008911,-2.8223979473114014,N
84.23279571533203,42.685081481933594,-2.848259210586548,28.85373306274414,-10.323914527893066,12.462092399597168,-2.629828691482544,1.2725363969802856,-0.9250750541687012,-0.5970483422279358,-2.3804802894592285,0.46230289340019226,-1.279197096824646,N
98.66539001464844,39.04227066040039,-3.612715244293213,32.441341400146484,-10.980137825012207,11.147675514221191,-1.8433204889297485,1.4059723615646362,-1.1669429540634155,-0.3579883873462677,-1.3634978532791138,-0.5405128598213196,-1.4007809162139893,N
109.37944793701172,30.200149536132812,-8.682513236999512,31.545791625976562,-12.285012245178223,12.85014533996582,-3.7830259799957275,-0.29098570346832275,-4.205094814300537,-0.17093659937381744,-2.4582974910736084,-0.44538387656211853,-1.3793631792068481,F
18.754953384399414,43.93059158325195,4.380598545074463,22.7056941986084,-19.66960906982422,6.126815319061279,-9.394828796386719,-1.0880650281906128,-5.419253826141357,-2.7405600547790527,3.7610058784484863,-0.9503907561302185,0.3513982594013214,X
99.36490631103516,31.01778221130371,-5.297440052032471,30.8877010345459,-13.70207405090332,11.382523536682129,-4.301206111907959,0.7672765254974365,-2.417238473892212,-0.7616028785705566,-1.6267037391662598,0.2118178755044937,-1.7308075428009033,F
90.9439697265625,45.51689529418945,3.3938381671905518,30.06207847595215,-10.486442565917969,11.353010177612305,-2.9307267665863037,0.2906646728515625,-3.206380844116211,-2.1372640132904053,-3.514073371887207,-1.1839585304260254,-2.614504337310791,N
108.3642807006836,25.254695892333984,-9.433975219726562,28.98396110534668,-13.414021492004395,11.447264671325684,-4.718217372894287,0.06651687622070312,-2.327505111694336,0.7823269963264465,-3.3684189319610596,-1.0176273584365845,-0.5397215485572815,F
56.099952697753906,24.558155059814453,-0.6703014969825745,23.912914276123047,-13.91714859008789,8.431561470031738,-7.352006912231445,-1.5731890201568604,-8.593564987182617,-3.5202128887176514,0.4147336781024933,-1.2842272520065308,2.8701088428497314,X
53.80876159667969,35.30862045288086,-4.236450672149658,27.15213966369629,-13.916885375976562,7.969842910766602,-5.74045467376709,-0.019420552998781204,-6.828821182250977,-0.7013577818870544,1.4871901273727417,-1.1522363424301147,-1.372934341430664,X
92.65428161621094,36.1021614074707,-6.4648237228393555,30.74301528930664,-12.53237533569336,12.215909957885742,-4.673471450805664,0.204140767455101,-0.32546722888946533,-0.43762868642807007,-3.398897171020508,-0.17893315851688385,-0.37522125244140625,F
36.66544723510742,21.121883392333984,2.376425266265869,28.090463638305664,-16.134843826293945,5.195496082305908,-7.014459133148193,-1.4727160930633545,-6.141585350036621,-2.0577449798583984,2.4028737545013428,-1.9320727586746216,0.5555927753448486,X
57.742977142333984,22.90265655517578,-5.494699001312256,26.564815521240234,-13.822279930114746,7.336706161499023,-6.452902317047119,-2.810209274291992,-7.576605319976807,-2.6386163234710693,2.4012341499328613,1.6514912843704224,0.9166760444641113,X
104.63101196289062,41.62810516357422,-2.546285629272461,31.801481246948242,-11.770635604858398,10.552963256835938,-3.707115650177002,1.8002337217330933,-0.05534951016306877,0.03449530526995659,-4.478626728057861,-1.6668676137924194,-3.1311185359954834,F
49.79866409301758,31.881845474243164,-4.920707702636719,29.76295280456543,-15.66171932220459,10.140093803405762,-4.869650840759277,-2.1503918170928955,-4.679471492767334,-2.57639217376709,2.4023826122283936,-0.23298396170139313,0.05003098025918007,X
105.72098541259766,27.997848510742188,-6.628750801086426,31.872882843017578,-10.982855796813965,12.159666061401367,-4.403384685516357,0.2640446424484253,-2.2643332481384277,-0.05888502672314644,-2.8652682304382324,-0.23059767484664917,-3.096820831298828,F
87.5310287475586,52.308650970458984,-0.057068996131420135,30.985708236694336,-11.195375442504883,10.157027244567871,-5.617467880249023,0.07883962988853455,-2.4592103958129883,-0.766163170337677,-2.953057289123535,1.882075548171997,-1.0095030069351196,N
91.01313781738281,42.25236129760742,-0.723322868347168,32.52729034423828,-8.796836853027344,11.737287521362305,-2.492936611175537,3.2294728755950928,-1.400569200515747,-1.828925371170044,-1.3833225965499878,0.14029377698898315,-1.1940010786056519,N
85.37769317626953,41.59785079956055,-6.044045448303223,28.33389663696289,-9.027173042297363,12.969830513000488,-0.8411580324172974,2.8098015785217285,-0.6969360709190369,-1.312550663948059,-3.7398877143859863,-0.5126500129699707,-1.4478485584259033,N
87.5082015991211,48.66617202758789,-1.3596007823944092,30.000768661499023,-10.69150161743164,10.534317970275879,-2.0668110847473145,1.422986388206482,-1.3055024147033691,-1.5634421110153198,-5.522834300994873,-3.3808343410491943,-2.8436222076416016,N
57.542057037353516,24.299129486083984,-2.270596504211426,26.31026840209961,-15.466782569885254,5.754785537719727,-8.476714134216309,-2.684342861175537,-7.20680570602417,-1.6729097366333008,3.036400318145752,1.904825210571289,2.417484760284424,X
87.66987609863281,40.30448913574219,-6.525867938995361,30.422449111938477,-11.147865295410156,12.493969917297363,-4.021543502807617,1.0843669176101685,-1.3580528497695923,-0.6865688562393188,-1.3562109470367432,-1.0792917013168335,-3.092099905014038,F
27.01983070373535,48.54615783691406,4.538611888885498,25.599912643432617,-22.310548782348633,3.5680935382843018,-8.3911714553833,-3.9218883514404297,-7.140289306640625,-2.624997138977051,2.5973894596099854,-2.1880733966827393,-1.0438451766967773,X
80.05258178710938,43.421661376953125,-2.0519838333129883,33.30368423461914,-7.450474262237549,11.472216606140137,-2.8877336978912354,2.7730319499969482,-0.7329292297363281,-1.7451629638671875,-2.3938944339752197,-0.558280348777771,-0.6032490730285645,N
55.346744537353516,40.92448806762695,14.55472183227539,28.118623733520508,-13.216163635253906,9.905625343322754,-5.131204605102539,0.6044409275054932,-5.57784366607666,-2.2371914386749268,0.28348612785339355,-5.194598197937012,-2.0320255756378174,X
78.98594665527344,52.99951171875,-0.2509864866733551,30.309579849243164,-9.201284408569336,11.63119125366211,-2.842200517654419,0.8740811944007874,-2.905778646469116,-1.5599844455718994,-2.222808361053467,-0.13619792461395264,-3.3271374702453613,N
71.14450073242188,33.63008117675781,6.766078472137451,25.532440185546875,-13.597210884094238,9.185349464416504,-4.425097465515137,0.4791475832462311,-6.346346378326416,-1.6030116081237793,0.2564464509487152,-2.7123026847839355,1.0737541913986206,X
77.84819793701172,42.420066833496094,5.61430025100708,25.19295310974121,-13.949956893920898,8.17898178100586,-6.187908172607422,-0.8483942747116089,-7.793084621429443,-2.6866862773895264,0.3787921667098999,-3.405280590057373,-1.2795052528381348,X
92.90693664550781,47.87824249267578,-1.1976726055145264,29.369308471679688,-9.481840133666992,11.849367141723633,-3.506432294845581,1.0104610919952393,-1.7389403581619263,-1.340686321258545,-4.027505874633789,-0.4647131562232971,-1.5839762687683105,N
39.433719635009766,49.957359313964844,5.332467555999756,25.621427536010742,-17.147865295410156,6.852156639099121,-7.51083517074585,-4.478055477142334,-8.541475296020508,-2.3694448471069336,0.9418125748634338,-2.295275926589966,-0.5902610421180725,X
45.82120895385742,35.26782989501953,5.195554733276367,26.989103317260742,-16.096967697143555,6.181733131408691,-5.935439586639404,-0.4654405117034912,-5.065959453582764,-0.7479175925254822,5.262474536895752,-0.607024073600769,2.3910131454467773,X
85.2800521850586,49.63977813720703,-1.1531111001968384,32.060794830322266,-11.420210838317871,12.466383934020996,-3.5544848442077637,1.110202670097351,-2.430476665496826,-0.5686472654342651,-3.180920124053955,1.5229183435440063,-0.5846447944641113,N
87.06182861328125,42.75371551513672,-7.11427640914917,29.764240264892578,-9.999444961547852,12.6099271774292,-3.8810129165649414,2.631166458129883,-1.6347708702087402,-0.6466047763824463,-2.811654806137085,-0.7094106674194336,-1.4537712335586548,N
83.58157348632812,48.218238830566406,-5.444683074951172,30.73457908630371,-9.137137413024902,10.866710662841797,-2.3514227867126465,2.7926037311553955,-2.751056671142578,0.054986391216516495,-2.784886598587036,0.6412246227264404,-1.5265063047409058,N
91.39098358154297,40.242794036865234,-2.6080126762390137,30.306283950805664,-8.398930549621582,13.103971481323242,-2.321295976638794,0.3916369378566742,0.14753663539886475,-1.0987664461135864,-3.6034750938415527,-0.5993215441703796,-1.6097744703292847,N
98.31088256835938,49.20040512084961,2.7898731231689453,32.9345588684082,-10.128397941589355,12.39426040649414,-3.848141670227051,1.815390706062317,-2.112330436706543,-1.4266518354415894,-3.0417299270629883,-0.3793316185474396,-2.3262720108032227,N
91.27336120605469,49.40006637573242,-4.244817733764648,30.79108428955078,-10.069188117980957,10.822195053100586,-4.594817161560059,1.5706669092178345,-2.708603858947754,-1.753914713859558,-4.434390068054199,-1.2739094495773315,-2.4653971195220947,N
81.79537200927734,54.866458892822266,0.48312273621559143,30.224489212036133,-9.12565803527832,10.463960647583008,-1.3314316272735596,1.52515709400177,-1.6443685293197632,-1.9058023691177368,-3.1229164600372314,-0.39016640186309814,-2.6349947452545166,N
5.877823352813721,31.85619354248047,6.054775238037109,25.45218849182129,-20.470338821411133,6.235285758972168,-4.95203971862793,-0.9149904847145081,-6.286917686462402,0.4654791057109833,7.713700294494629,-1.1394405364990234,-0.8123483657836914,X
97.60347747802734,25.314626693725586,-6.823647975921631,31.721355438232422,-12.569685935974121,13.129072189331055,-4.895788669586182,1.2910170555114746,-2.4536867141723633,-0.44778531789779663,-2.1515798568725586,-1.2088297605514526,-1.0993810892105103,F
87.92808532714844,42.103515625,-0.9630233645439148,32.12407302856445,-9.510498046875,12.019510269165039,-2.8292341232299805,1.7510020732879639,-1.9682340621948242,0.9359323382377625,-2.2566983699798584,-0.1936206966638565,-0.7283388376235962,N
56.15994644165039,24.472999572753906,-3.149796962738037,26.20488166809082,-14.148857116699219,7.944031238555908,-6.792471885681152,-1.418014407157898,-7.396470069885254,-3.6522858142852783,-0.41600272059440613,0.19020546972751617,1.9045391082763672,X
56.004905700683594,50.67169189453125,-10.104954719543457,30.003339767456055,-10.732893943786621,8.404888153076172,-3.7208657264709473,0.019535331055521965,-2.518392324447632,-2.1375715732574463,-1.6106830835342407,-0.6641366481781006,-4.087220668792725,F
99.59764099121094,47.518550872802734,0.18951193988323212,31.678342819213867,-10.700788497924805,12.696012496948242,-3.0781657695770264,1.7591079473495483,-1.4550445079803467,-1.0911349058151245,-3.9609203338623047,-0.6920772790908813,-1.9509862661361694,N
91.49211883544922,48.40385437011719,1.5628892183303833,32.677608489990234,-8.217475891113281,11.985640525817871,-4.870347499847412,0.2208508998155594,-1.9365133047103882,-2.479295253753662,-3.2191481590270996,-0.7503487467765808,-2.794313907623291,N
91.37171173095703,49.833526611328125,2.704146385192871,32.256839752197266,-8.526793479919434,11.325957298278809,-1.5396195650100708,1.584040880203247,-2.5674118995666504,0.09786471724510193,-2.3423759937286377,-1.508269190788269,-3.1334688663482666,N
59.01914978027344,47.30870819091797,-11.170479774475098,33.47580337524414,-16.694299697875977,8.185118675231934,-6.9194865226745605,-1.6978273391723633,-5.760527610778809,-0.5256615877151489,-1.2499984502792358,-0.2468228042125702,-3.2708029747009277,X
90.68943786621094,32.78966522216797,-6.179213047027588,29.90693473815918,-13.0750093460083,13.312346458435059,-4.954102993011475,1.4773054122924805,-2.377206325531006,-0.09807081520557404,-2.184084892272949,0.06584355235099792,-1.463566780090332,F
40.661170959472656,31.826505661010742,-5.920567512512207,29.485071182250977,-16.22478485107422,7.712990760803223,-6.505134105682373,-1.5160517692565918,-9.201163291931152,-0.37873420119285583,2.7745864391326904,0.6096755266189575,-0.7849074006080627,X
92.14756774902344,46.44852066040039,-1.373423457145691,30.866100311279297,-9.355803489685059,9.892932891845703,-3.683607339859009,0.34975185990333557,-1.0098745822906494,-1.006055474281311,-4.578820705413818,-1.0630080699920654,-2.009429454803467,N
89.75719451904297,43.24306869506836,-2.4503767490386963,29.989994049072266,-9.168972969055176,10.725719451904297,-4.200356483459473,0.09177902340888977,-3.065054416656494,-1.3317172527313232,-1.4604229927062988,0.8186516761779785,0.12219710648059845,N
79.26302337646484,43.926021575927734,-3.720468282699585,32.92948913574219,-11.793046951293945,11.765047073364258,-4.806963920593262,0.7914810180664062,-1.856825351715088,-1.9518654346466064,-2.2586960792541504,-1.9098767042160034,-1.2015191316604614,F
56.63953399658203,31.500757217407227,11.390386581420898,27.13113021850586,-13.635869979858398,9.373381614685059,-6.094213485717773,-0.6017246842384338,-5.072878837585449,-1.3260525465011597,0.8633003830909729,-3.8710906505584717,0.6842252612113953,X
91.50890350341797,43.08039855957031,-2.601759672164917,32.26951217651367,-9.623323440551758,12.706299781799316,-5.178835868835449,1.3412541151046753,-0.7500689625740051,-0.20539724826812744,-3.6921169757843018,-0.5907419323921204,-0.8651995062828064,N
70.39060974121094,35.379310607910156,9.457791328430176,27.867338180541992,-13.217236518859863,9.352696418762207,-6.022988796234131,-1.2665495872497559,-7.3529229164123535,-3.121018171310425,-0.35102543234825134,-3.425997018814087,0.47194477915763855,X
99.49710083007812,40.574771881103516,-4.366527557373047,29.722017288208008,-10.52015495300293,11.626100540161133,-4.5877509117126465,0.6639590859413147,-2.560823440551758,-1.6920945644378662,-3.971231698989868,-0.8692839741706848,-1.8543164730072021,F
87.44902038574219,45.323402404785156,0.9125419855117798,30.580732345581055,-9.912729263305664,12.270638465881348,-1.714356541633606,1.7445735931396484,-1.467067003250122,-0.47083577513694763,-2.5730679035186768,-1.30275559425354,-1.6079754829406738,N
105.4503173828125,41.330928802490234,-7.22611141204834,30.255250930786133,-13.57049560546875,12.891590118408203,-3.3082168102264404,1.7478644847869873,-2.4451425075531006,0.4366379976272583,-3.044738531112671,-2.6267149448394775,-4.453073978424072,F
36.30453872680664,31.801313400268555,3.711683511734009,23.788715362548828,-18.53563117980957,5.562982082366943,-8.826189994812012,-2.484464406967163,-8.23070240020752,-1.436532735824585,2.1312971115112305,-1.841505527496338,-0.3210757374763489,X
104.5338363647461,35.098445892333984,-3.637617349624634,31.4571590423584,-9.690452575683594,11.85848617553711,-3.0155367851257324,1.713696002960205,-2.534496545791626,0.3273041546344757,-1.1751344203948975,-0.3941534757614136,-1.8661350011825562,N
91.96168518066406,26.526086807250977,-5.631655693054199,31.3046817779541,-10.462553977966309,11.420766830444336,-3.1293225288391113,0.2705783545970917,-1.6521981954574585,-0.9931211471557617,-3.0295817852020264,-2.6622464656829834,-2.7844738960266113,F
93.64148712158203,43.557369232177734,-1.0391347408294678,30.086254119873047,-10.183792114257812,11.7416410446167,-2.636152505874634,1.9676657915115356,-1.0426185131072998,0.8422355651855469,-0.7968772649765015,0.0853353887796402,-1.4553688764572144,N
82.00716400146484,34.942203521728516,1.2781375646591187,26.50939178466797,-13.06372356414795,11.44722843170166,-4.440936088562012,1.0023623704910278,-3.5572752952575684,0.17538069188594818,-1.1918563842773438,-0.6957975029945374,-1.2553790807724,N
81.99187469482422,47.63325500488281,-3.2127573490142822,27.66277503967285,-11.704413414001465,8.98011589050293,-5.366684913635254,-0.8348920941352844,-2.4854254722595215,-2.198195695877075,-2.2756433486938477,-0.9119277596473694,-2.8718152046203613,N
38.88241195678711,51.93120193481445,2.0428659915924072,26.7428035736084,-19.347227096557617,3.142256498336792,-9.89341926574707,-3.6044342517852783,-8.291542053222656,-4.797369003295898,0.5868691802024841,-4.276922225952148,-3.253704309463501,X
48.061790466308594,34.261451721191406,-4.542076587677002,27.61530113220215,-15.617218971252441,8.365463256835938,-7.994994640350342,-3.176340103149414,-8.018388748168945,-2.2566440105438232,1.5083425045013428,-0.7133352756500244,-0.9592102766036987,X
50.57334899902344,29.89021110534668,-14.039016723632812,28.45824432373047,-13.706058502197266,8.375338554382324,-6.693063735961914,-1.4706814289093018,-6.319594383239746,-2.346088409423828,1.7277448177337646,2.389460802078247,1.2056365013122559,X
52.62800979614258,18.928726196289062,-4.844491481781006,24.850778579711914,-16.697519302368164,7.487171173095703,-6.592462539672852,-2.8439078330993652,-8.348641395568848,-2.528779983520508,2.4339277744293213,0.9664495587348938,2.2392516136169434,X
89.4727554321289,42.124183654785156,-2.8236887454986572,31.205181121826172,-9.33184814453125,11.111052513122559,-2.481008768081665,2.844254493713379,-0.5248224139213562,-1.8169124126434326,-3.323054552078247,-0.9777169227600098,-0.422131210565567,N
87.44036102294922,48.05044937133789,-1.257515549659729,30.480552673339844,-9.092994689941406,11.150156021118164,-3.2526190280914307,1.9320491552352905,-1.9917707443237305,-1.1809555292129517,-1.9863903522491455,0.22591513395309448,-1.4738450050354004,N
47.57057571411133,32.864662170410156,7.43040657043457,24.53866195678711,-17.179309844970703,6.0554094314575195,-7.267302513122559,-1.762551188468933,-7.395472526550293,-0.5567305684089661,3.9009761810302734,-2.973933458328247,-1.6320912837982178,X
67.54116821289062,29.118391036987305,-2.3247010707855225,25.680315017700195,-13.96291446685791,6.097908973693848,-5.038581848144531,-1.2562077045440674,-7.456713676452637,-3.592534065246582,2.338045358657837,0.6852532029151917,0.7502196431159973,F
102.66229248046875,45.23480224609375,1.518860936164856,31.687589645385742,-12.222372055053711,10.515095710754395,-4.257813930511475,-0.10774307698011398,-0.8801966905593872,-0.46661943197250366,-1.9409031867980957,-2.0922093391418457,-3.365708112716675,N
84.49309539794922,42.18943405151367,-1.6996994018554688,28.39217758178711,-8.823808670043945,10.716805458068848,-2.1220152378082275,1.257845163345337,-1.5003308057785034,-1.4760371446609497,-3.230938673019409,-0.53848797082901,-0.93097323179245,N
107.6766128540039,31.61787223815918,-12.005423545837402,29.132373809814453,-13.687590599060059,11.887035369873047,-3.085371494293213,2.2239670753479004,-1.0139228105545044,-0.21136660873889923,-4.124945163726807,-2.22483229637146,-1.9025676250457764,F
75.24114990234375,33.87130355834961,2.0643727779388428,27.474546432495117,-12.93239974975586,9.133223533630371,-5.073963642120361,-0.7353184819221497,-5.578681945800781,-0.3077907860279083,-0.7747924327850342,-1.041273832321167,-1.4310730695724487,N
99.13443756103516,41.98844528198242,-1.0616058111190796,32.04894256591797,-9.0718412399292,10.514305114746094,-2.6848955154418945,1.900420904159546,-2.510000467300415,-1.1764419078826904,-2.5784034729003906,-0.23992161452770233,-1.275114893913269,N
64.11134338378906,29.97182846069336,0.7860872149467468,25.227745056152344,-15.451189041137695,6.838413715362549,-5.525237083435059,-0.5734530091285706,-7.343672752380371,-3.6943695545196533,1.1841785907745361,-1.5094283819198608,-0.23662365972995758,X
88.43538665771484,47.31787109375,-1.9822584390640259,32.371490478515625,-10.530582427978516,11.701800346374512,-3.4909560680389404,1.6052340269088745,-1.9232614040374756,-0.4004976451396942,-3.4867913722991943,-0.49678122997283936,-1.8633801937103271,N
48.783546447753906,25.774477005004883,1.5634050369262695,24.976709365844727,-17.824033737182617,7.797349452972412,-6.726996421813965,-2.1736109256744385,-6.496833324432373,-0.3814603388309479,2.969956159591675,-0.5420599579811096,-0.5036905407905579,X
89.10511016845703,44.706581115722656,-3.4462790489196777,31.706432342529297,-8.737382888793945,11.772397994995117,-3.367480516433716,0.9165160655975342,-1.854366421699524,-0.24999549984931946,-2.165274143218994,-1.293825626373291,-0.42185017466545105,N
48.596900939941406,36.174129486083984,-1.4669698476791382,22.715011596679688,-16.000574111938477,6.167043209075928,-8.63645076751709,-2.0694873332977295,-6.856173038482666,-2.971311330795288,3.077394723892212,-0.8283836841583252,1.2220131158828735,X
56.245079040527344,30.882720947265625,12.45716667175293,26.80813980102539,-15.319750785827637,7.241596698760986,-8.017349243164062,-4.092992782592773,-8.905074119567871,-2.0697247982025146,0.5975717306137085,-2.659990072250366,-0.7069674134254456,X
72.11564636230469,54.66175079345703,-7.213146686553955,28.49092674255371,-9.174324989318848,8.950576782226562,-3.5280964374542236,1.3776417970657349,-0.22777724266052246,0.2757244110107422,-3.217663288116455,-0.7279964685440063,-2.99765682220459,N
30.55898666381836,46.47747039794922,5.583613872528076,25.763296127319336,-20.18291664123535,6.589659690856934,-5.83262825012207,-2.9341824054718018,-6.594620704650879,-2.002396583557129,4.024507999420166,-1.6117604970932007,-0.5017073154449463,X
44.42115783691406,39.339359283447266,0.714478075504303,23.421735763549805,-16.25536346435547,7.778467178344727,-5.6690354347229,-1.6388754844665527,-7.552052974700928,-2.600630283355713,1.3485292196273804,0.09091142565011978,-0.19767658412456512,F
94.07096862792969,36.96372985839844,-4.629824638366699,31.746858596801758,-11.094938278198242,12.115612030029297,-3.423569679260254,1.614762306213379,0.06476861983537674,-0.8198004364967346,-4.587589740753174,-1.3587056398391724,-1.4769855737686157,F
88.26225280761719,57.49034118652344,-4.5473408699035645,28.008390426635742,-8.548985481262207,10.358590126037598,-4.428523540496826,0.9711368083953857,-1.7393467426300049,-2.0967419147491455,-5.213496208190918,-1.312766671180725,-2.997803211212158,N
92.54356384277344,37.87158203125,-9.087894439697266,31.447467803955078,-13.688048362731934,10.612574577331543,-6.299010753631592,0.11059548705816269,-2.4190940856933594,-0.1618218719959259,-2.9000046253204346,-0.5910415649414062,-0.7946488261222839,F
76.55374908447266,25.255033493041992,0.7171902060508728,26.47677230834961,-14.923751831054688,6.567596435546875,-6.6283488273620605,-2.698542833328247,-7.866208076477051,0.5131577253341675,0.22880171239376068,-2.6403393745422363,-2.8418116569519043,F
108.71200561523438,36.13130187988281,-4.231368541717529,28.953649520874023,-10.838737487792969,11.497414588928223,-4.327081680297852,0.9985994696617126,-1.9293828010559082,0.3084275722503662,-2.5707783699035645,-0.8357743620872498,0.02007392607629299,N
92.24893188476562,47.88331985473633,0.11421818286180496,28.412038803100586,-10.343186378479004,11.332588195800781,-3.129464864730835,0.8633703589439392,-1.2286416292190552,-1.3213961124420166,-3.1331288814544678,-0.7470027208328247,-2.1137781143188477,N
86.56419372558594,45.67148208618164,-2.537301540374756,28.417926788330078,-9.696935653686523,12.455373764038086,-2.033527374267578,0.9484577775001526,-0.9691097140312195,-0.8748215436935425,-3.1515302658081055,0.2194235920906067,-1.8264156579971313,N
94.31065368652344,35.881595611572266,-5.2691850662231445,30.791292190551758,-11.680059432983398,12.674138069152832,-2.9781064987182617,1.2265058755874634,-1.3655095100402832,-0.6677093505859375,-2.658435106277466,-0.4967162013053894,-3.733367681503296,F
93.80033111572266,41.69176483154297,-4.944247722625732,32.21163558959961,-12.155197143554688,10.737542152404785,-3.721853256225586,0.31093618273735046,-1.8805595636367798,-0.10332635790109634,-2.1561079025268555,-0.7749099135398865,-3.8874313831329346,F
118.37187957763672,30.22478675842285,-7.7679443359375,30.846281051635742,-11.383877754211426,10.073358535766602,-6.8858723640441895,-0.26473692059516907,-4.088708400726318,-0.8840547800064087,-3.4512839317321777,-2.1057288646698,-2.301915407180786,F
87.1219253540039,48.152793884277344,-2.7225472927093506,33.78752517700195,-8.684948921203613,12.480106353759766,-2.470524787902832,3.486380100250244,-0.9843445420265198,-0.41286617517471313,-4.994793891906738,-0.02401973307132721,-1.0883153676986694,N
99.13886260986328,27.153358459472656,-6.860595703125,28.9376163482666,-11.100446701049805,11.780865669250488,-4.8768086433410645,0.5760964155197144,-1.8531981706619263,-0.4416596591472626,-2.216256618499756,0.36390575766563416,-2.5955772399902344,F
77.57533264160156,47.063873291015625,-4.564662933349609,28.365558624267578,-9.918094635009766,8.612236976623535,-4.969101428985596,-0.19683556258678436,-2.4442405700683594,-2.549744129180908,-2.44661545753479,-0.7052594423294067,-2.42106294631958,N
83.12370300292969,40.11127853393555,1.1594775915145874,27.59903335571289,-14.18260383605957,8.076556205749512,-8.203118324279785,-0.7843075394630432,-5.124678611755371,-0.22682064771652222,0.35774487257003784,-0.4972965717315674,-2.296513080596924,N
92.4147720336914,48.407569885253906,-0.4187808930873871,31.519826889038086,-12.48142147064209,11.966317176818848,-2.3895316123962402,3.7371368408203125,-1.3983310461044312,0.1158105656504631,-1.7276254892349243,-0.6796973347663879,-3.201727867126465,N
17.154499053955078,42.44002151489258,5.65675163269043,27.44400405883789,-17.24111557006836,5.896999359130859,-7.420278072357178,-2.021563768386841,-5.90802001953125,-3.8545210361480713,3.9884302616119385,-2.6228106021881104,-1.9732388257980347,X
88.96080017089844,47.906517028808594,-1.6618295907974243,30.144187927246094,-9.325119972229004,11.156129837036133,-3.135636568069458,1.0079725980758667,-2.618295907974243,-1.7693049907684326,-4.648237228393555,-0.07401371747255325,-0.9719148874282837,N
89.98837280273438,50.656898498535156,-0.9308750629425049,31.284637451171875,-8.41103458404541,11.950196266174316,-3.8690998554229736,-0.10372544080018997,-0.93700110912323,-2.24165940284729,-5.931252479553223,0.17814232409000397,-0.8498765826225281,N
94.10247039794922,41.653499603271484,-1.4962700605392456,31.16556739807129,-9.909306526184082,12.218318939208984,-2.573505401611328,2.921966552734375,-0.9193418622016907,-0.6102709174156189,-2.997649669647217,0.057450927793979645,-0.6792722344398499,N
46.86013412475586,28.99454689025879,-0.9917173981666565,23.494186401367188,-18.022666931152344,9.110663414001465,-7.150592803955078,-2.4437315464019775,-7.594494819641113,-2.667733907699585,2.7363393306732178,-0.9790116548538208,0.5163079500198364,X
48.64484405517578,14.939083099365234,0.39749208092689514,23.734790802001953,-15.585693359375,9.10367488861084,-6.6351518630981445,-2.7351925373077393,-6.724719524383545,-3.318852663040161,2.274010419845581,0.9035391211509705,2.297565221786499,X
38.37870788574219,61.026641845703125,-4.044648170471191,24.58788299560547,-14.299903869628906,5.427817344665527,-7.954773426055908,-1.9494414329528809,-2.6774144172668457,-2.8542304039001465,-0.5275893807411194,0.9416481256484985,-3.2984654903411865,X
19.35576629638672,41.91115188598633,3.7054262161254883,24.010208129882812,-20.230636596679688,7.957691669464111,-7.313256740570068,-1.4173866510391235,-4.928452968597412,-1.722683310508728,4.501381874084473,-2.882960319519043,-1.7761008739471436,X
96.4527816772461,47.61592102050781,-0.48637354373931885,29.03080177307129,-10.893519401550293,11.60728645324707,-2.515928268432617,0.7189722061157227,-0.8662475347518921,-2.766770362854004,-5.564180850982666,-2.1181938648223877,-2.9585368633270264,N
35.548988342285156,54.024131774902344,5.049468517303467,21.8503475189209,-20.373432159423828,6.788779258728027,-8.698848724365234,-3.7167952060699463,-5.947547912597656,-3.7438292503356934,2.3996856212615967,-1.5544451475143433,-2.2294626235961914,X
63.37105941772461,29.455106735229492,7.466759204864502,27.309804916381836,-12.562681198120117,10.353585243225098,-4.636738300323486,-0.383273184299469,-6.60261869430542,-4.148032188415527,-0.866221010684967,-3.423990249633789,0.9015294313430786,X
39.188323974609375,27.933534622192383,-1.8896087408065796,20.335994720458984,-17.20454978942871,5.104772567749023,-7.874539375305176,-4.093344211578369,-8.588935852050781,-0.717445433139801,4.488892078399658,1.3326934576034546,1.6172833442687988,X
86.41697692871094,46.231346130371094,-1.0426313877105713,31.855239868164062,-9.053823471069336,9.24991226196289,-3.5351171493530273,1.3578239679336548,-2.674428701400757,-1.993388295173645,-2.8218345642089844,1.236194133758545,-0.5297707319259644,N
19.860172271728516,46.56557083129883,4.236144065856934,23.726247787475586,-20.578649520874023,3.892164707183838,-11.048548698425293,-2.785581111907959,-6.681087017059326,-3.210280418395996,3.994868278503418,-3.181206226348877,-2.3719613552093506,X
70.66485595703125,35.340972900390625,4.891426086425781,24.66383171081543,-13.032679557800293,9.891733169555664,-5.067887783050537,0.2881670296192169,-5.010556697845459,-0.28918811678886414,-0.5208054184913635,-2.0048065185546875,-1.0951956510543823,N
91.91725158691406,43.6837043762207,-2.4661619663238525,29.988346099853516,-9.734219551086426,11.282915115356445,-0.85675048828125,2.618300199508667,-0.21575956046581268,-1.5332001447677612,-3.7533066272735596,-0.10337385535240173,-1.8203251361846924,N
57.71822738647461,23.49566078186035,8.106301307678223,23.301631927490234,-16.418310165405273,5.222936630249023,-9.282319068908691,-3.0181326866149902,-7.563701629638672,-2.7852284908294678,1.2176601886749268,-1.4356204271316528,1.9944615364074707,X
69.66019439697266,32.947547912597656,-3.498220920562744,29.827037811279297,-13.892755508422852,10.633611679077148,-7.741753101348877,-0.6006184816360474,-4.111070156097412,-1.240047812461853,-2.241483688354492,0.4089948832988739,-0.5374376773834229,F
60.013221740722656,29.621479034423828,1.2449216842651367,25.830289840698242,-14.72361946105957,7.896329879760742,-5.862599849700928,-1.1870946884155273,-8.255108833312988,-4.593707084655762,0.271910697221756,-0.5787551403045654,2.224428176879883,X
86.77021026611328,45.22933578491211,-5.284883499145508,32.739898681640625,-9.68125057220459,11.316917419433594,-3.16748046875,1.2267224788665771,-1.3018763065338135,-0.17264901101589203,-2.324450731277466,0.6209580898284912,-2.1824543476104736,N
65.36677551269531,33.80698013305664,0.3987610340118408,29.079484939575195,-13.688100814819336,9.182778358459473,-5.56105375289917,-1.7737343311309814,-4.317619800567627,0.38242417573928833,-1.1514884233474731,1.14580237865448,-2.7538042068481445,F
106.15658569335938,41.89021301269531,-2.6033143997192383,29.021589279174805,-9.689067840576172,11.07659912109375,-3.5676109790802,1.58177649974823,-2.3237993717193604,-1.8451367616653442,-1.1412032842636108,-0.3114079535007477,-2.4407434463500977,N
98.76078796386719,35.53451156616211,-2.554326057434082,34.35557556152344,-10.923707962036133,11.55715274810791,-4.528051376342773,0.5852808952331543,-2.033651113510132,-1.1530572175979614,-1.6036291122436523,0.6412075757980347,-0.28402772545814514,N
85.19059753417969,38.14860534667969,-9.922451972961426,28.9964599609375,-12.245767593383789,13.897223472595215,-4.203232765197754,-1.0258235931396484,-1.138863444328308,-0.21699267625808716,-2.039590835571289,-0.7343686819076538,-1.7740763425827026,F
93.31632995605469,36.26456069946289,-6.493130207061768,31.63011932373047,-10.220293998718262,11.731154441833496,-5.454703330993652,1.5631740093231201,-0.011523371562361717,-0.20065152645111084,-3.023015260696411,-1.9939194917678833,-2.3553056716918945,F
103.31717681884766,33.386688232421875,-5.859516143798828,29.930322647094727,-12.85410213470459,12.915926933288574,-4.0586628913879395,0.6163274645805359,-1.4494390487670898,1.8282467126846313,-2.6091442108154297,-0.553242564201355,-2.701353073120117,F
89.3999252319336,40.822879791259766,-2.7581632137298584,31.6618709564209,-9.044254302978516,10.818337440490723,-2.924337148666382,1.4092308282852173,-1.8139327764511108,-2.312422752380371,-3.0692028999328613,-0.5485649704933167,-0.8571935296058655,N
38.360652923583984,71.66441345214844,-10.699481010437012,34.53972244262695,-16.248680114746094,9.108193397521973,-5.536190032958984,2.0928897857666016,-4.230409145355225,-0.4691772758960724,0.19043762981891632,1.3212348222732544,-4.1363348960876465,X
58.119850158691406,25.419530868530273,1.8277181386947632,25.239757537841797,-15.473044395446777,6.86940336227417,-6.9015631675720215,-0.28138411045074463,-6.256269454956055,-2.030447244644165,1.5052480697631836,-2.4486963748931885,1.223151445388794,X
94.93817901611328,48.99875259399414,-1.1119173765182495,31.449365615844727,-10.413496971130371,11.413480758666992,-3.5676610469818115,2.4081757068634033,-1.7476526498794556,-2.564136505126953,-3.6484317779541016,-0.4328065812587738,-1.4497498273849487,N
84.2809066772461,41.70014190673828,-0.6803438067436218,29.976667404174805,-9.298452377319336,12.680670738220215,-4.078211307525635,0.6120941638946533,-0.8362645506858826,-0.1538354456424713,-1.453269600868225,3.033435583114624,-1.352806568145752,N
68.67400360107422,35.39655685424805,-5.480252265930176,30.995485305786133,-13.803882598876953,12.736997604370117,-4.5115766525268555,1.2519326210021973,-1.7810335159301758,0.43359363079071045,0.22897955775260925,0.9104929566383362,-4.25198221206665,F
104.00068664550781,41.073551177978516,-0.2925046682357788,31.40595817565918,-10.675125122070312,10.9098482131958,-4.351351261138916,-1.25648033618927,-4.076047897338867,-0.5968436598777771,-2.463268518447876,-0.5613127946853638,-2.0062074661254883,N
86.98668670654297,46.69382095336914,0.4878392815589905,30.664894104003906,-8.919559478759766,13.641449928283691,-2.4925425052642822,1.58750581741333,-0.09720280021429062,-0.8081749081611633,-3.221938133239746,-1.215161919593811,-1.3592844009399414,N
10.595786094665527,36.50339126586914,4.21199369430542,24.140172958374023,-19.65167999267578,7.885839939117432,-8.046011924743652,-1.6696443557739258,-6.4220476150512695,-2.250762462615967,5.658168792724609,-2.510877847671509,-1.0288324356079102,X
92.46882629394531,44.67958450317383,1.8596794605255127,31.67877769470215,-9.404621124267578,10.437261581420898,-2.0450706481933594,0.8342499732971191,0.10911363363265991,0.9643083810806274,-0.9907599687576294,1.5533807277679443,-1.3702702522277832,N
24.961734771728516,45.89323806762695,4.211669445037842,24.213449478149414,-20.134164810180664,4.820680618286133,-7.710918426513672,-3.2867186069488525,-7.601869106292725,-3.5715982913970947,4.0095391273498535,-2.1794745922088623,-2.2613985538482666,X
71.6299819946289,45.55229187011719,0.2838636338710785,28.18938446044922,-10.067092895507812,8.604460716247559,-3.018855333328247,0.024279484525322914,-2.264529228210449,-0.26210328936576843,-1.1247398853302002,1.168793797492981,-1.6150344610214233,N
101.69629669189453,35.504737854003906,-11.765214920043945,29.09052276611328,-14.073083877563477,11.797492027282715,-4.3208723068237305,2.1255242824554443,-1.6957446336746216,0.1898479163646698,-3.2404401302337646,0.44813475012779236,-2.940476894378662,F
92.21846771240234,53.22216796875,0.19443680346012115,33.214534759521484,-10.315387725830078,9.505274772644043,-4.421052932739258,1.5880098342895508,-2.7277913093566895,-1.5385745763778687,-2.3093936443328857,0.08475887775421143,-1.7606418132781982,N
82.56697082519531,33.31855010986328,-3.0397589206695557,31.799888610839844,-11.60339641571045,12.528278350830078,-6.983717441558838,0.9033010601997375,-1.7373905181884766,1.3866442441940308,-2.3805391788482666,-0.9625747203826904,-0.7490565776824951,F
70.5619888305664,36.70218276977539,-1.9557552337646484,29.955284118652344,-11.889325141906738,10.365943908691406,-2.1196529865264893,2.0881214141845703,-3.900669574737549,0.228640615940094,1.925642728805542,0.4516831934452057,-0.6216502785682678,N
83.14555358886719,45.54793930053711,-8.172102928161621,34.131587982177734,-13.272102355957031,11.569378852844238,-3.865054130554199,1.6559531688690186,-1.4524856805801392,-1.2636699676513672,-1.3355302810668945,-1.6022696495056152,-3.062134265899658,F
98.2991943359375,29.993572235107422,-9.185253143310547,29.488248825073242,-11.898999214172363,12.208098411560059,-4.350502967834473,0.1754589080810547,-1.0105963945388794,0.22352977097034454,-2.0700671672821045,-1.2536232471466064,-1.6260557174682617,F
88.18289184570312,41.483604431152344,-0.09486289322376251,30.6592960357666,-10.606233596801758,10.844103813171387,-0.9953655004501343,1.5391651391983032,-2.377868890762329,-1.1693867444992065,-2.149240732192993,1.0312050580978394,-1.8917598724365234,N
105.91901397705078,31.733854293823242,-4.3180623054504395,32.43252182006836,-11.595010757446289,11.171648025512695,-5.865140914916992,0.026944417506456375,-1.5728803873062134,-0.15825293958187103,-3.1283633708953857,-1.4551268815994263,-1.7128362655639648,F
86.27437591552734,50.13745880126953,1.2550649642944336,29.883434295654297,-9.110783576965332,12.10515022277832,-1.7142211198806763,-0.1377088725566864,-1.4726636409759521,-1.1370956897735596,-1.090566635131836,0.1144263818860054,-2.826533079147339,N
92.91650390625,46.20595932006836,-0.6800585389137268,31.507801055908203,-9.708758354187012,10.9163236618042,-3.5760715007781982,-0.6155769228935242,-2.9799458980560303,-1.6429235935211182,-2.6020212173461914,1.1602470874786377,-0.6285175681114197,N
36.10911178588867,21.809547424316406,-3.0160977840423584,22.165477752685547,-17.088054656982422,5.565258026123047,-7.429959297180176,-2.168046236038208,-7.894948959350586,-1.9646774530410767,2.288569450378418,-2.4768011569976807,-0.7291740775108337,X
92.76200103759766,46.18573760986328,-1.6142903566360474,33.49235916137695,-9.789629936218262,11.345179557800293,-3.157956600189209,0.40210816264152527,-2.773883819580078,-1.4265364408493042,-4.023937225341797,0.056262001395225525,-2.6471848487854004,N
47.51506423950195,38.00239181518555,-8.242952346801758,25.237186431884766,-15.956088066101074,9.057439804077148,-6.378100395202637,-2.1107420921325684,-7.8118720054626465,-1.9239250421524048,0.610826313495636,0.5733069777488708,-1.2063981294631958,X
106.73149871826172,33.87242126464844,-6.682692050933838,30.030729293823242,-11.576818466186523,11.988297462463379,-4.573376655578613,2.1163880825042725,-2.711049795150757,0.24751077592372894,-3.029644250869751,-0.6240205764770508,-4.169631004333496,F
87.89552307128906,45.097076416015625,-1.3881245851516724,31.86604118347168,-9.957226753234863,12.373434066772461,-2.2035136222839355,2.2135868072509766,-0.35798659920692444,-0.589570164680481,-2.4648046493530273,0.18708856403827667,-0.7195947766304016,N
98.8224868774414,35.178253173828125,-1.5801273584365845,30.369300842285156,-11.008307456970215,11.430571556091309,-4.28250789642334,3.105170965194702,-2.1347169876098633,-1.228654384613037,-1.9051148891448975,0.19406673312187195,-0.6642154455184937,N
107.43600463867188,33.688560485839844,-8.950041770935059,31.394418716430664,-11.806997299194336,12.046829223632812,-3.3375537395477295,1.3899424076080322,-3.078228235244751,0.8607305288314819,-3.813892364501953,-1.8662854433059692,-2.718924045562744,F
10.528949737548828,37.33600997924805,6.0687479972839355,26.036418914794922,-20.177404403686523,6.678476810455322,-6.669846057891846,-3.269463062286377,-8.001898765563965,-1.9436357021331787,5.81157112121582,-2.4359798431396484,-0.7769235372543335,X
69.46692657470703,46.170372009277344,-7.981334209442139,27.439510345458984,-9.689690589904785,7.836620807647705,-3.9217333793640137,1.062960147857666,-1.8883891105651855,-1.2695177793502808,-2.2612149715423584,-1.2144851684570312,-2.474191427230835,N
40.027862548828125,36.138465881347656,8.362192153930664,26.745046615600586,-16.128252029418945,6.337508201599121,-6.853966236114502,-2.2656729221343994,-8.511706352233887,-1.5564415454864502,0.7401232123374939,-2.7587454319000244,0.4310076832771301,X
26.443927764892578,39.40818405151367,-16.886072158813477,27.16646957397461,-15.631755828857422,7.55044412612915,-7.492994785308838,-2.7705302238464355,-6.239803314208984,-2.0890085697174072,3.8553452491760254,1.5500696897506714,0.12120383977890015,X
76.61812591552734,54.060157775878906,-4.717501640319824,27.59973907470703,-10.678752899169922,9.97636604309082,-3.402279853820801,1.4014536142349243,0.03989872336387634,-0.7000082731246948,-2.4119203090667725,-0.3558773398399353,-1.6835997104644775,N
102.28783416748047,31.91588020324707,-9.201966285705566,32.48289108276367,-12.388101577758789,11.647770881652832,-4.840929985046387,0.6046774387359619,-2.687612533569336,1.3093191385269165,-1.7513947486877441,-1.2294471263885498,-4.311895370483398,F
43.684200286865234,33.53791427612305,5.042390823364258,25.579919815063477,-16.563236236572266,6.571276664733887,-5.492522716522217,-1.8530155420303345,-8.428210258483887,-1.8432371616363525,3.13975191116333,-2.8742218017578125,-0.39346128702163696,X
